Asset Number,Asset Description,Building,Floor,Department,Room,Condition,Status,Notes
TR118*002490,"COMPUTER, CPU(HP ProDesk 400 G5 MT,corei7-8700)",PHASE III,1 FLOOR ,HDU,CUBE 1,GOOD,Active,
TR118*002291,"COMPUTER, CPU, (HP  290 G4 MICROTOWER PC,corei7-10700 cpu)",PHASE III,1 FLOOR ,LAB,INCHARGE OFFICE,GOOD,Active,
TR118*002256,"COMPUTER, CPU, (HP 290 G4 Microtower,corei7-10700 cpu)",PHASE III,2 FLOOR,2A,INCHARGE OFFICE,NEW,Active,
TR118*000453,"Computer, CPU, Acer Veriton M290, SN: BTVBJIM0092070650D9600",MOI PHASE I &II,FIRST FLOOR,DOT,ROOM NO 201,GOOD,Active,
TR118*001594,"Computer, CPU, DEL, SN. CVWSV02",PHASE I& II,GROUND,DCSS,X-RAY ROOM,Good,Active,
TR118*000495,"Computer, CPU, Dell D1018M, SN: B9T8WL2",MOI PHASE I &II,FIRST FLOOR,DAHRM,ROOM 228: REGISTRY,GOOD,Active,
TR118*000645,"Computer, CPU, Dell D12M, core i3, SN: GQ4JYX1",MOI PHASE I &II,FIRST FLOOR,DFP,ROOM NO 232,GOOD,Active,
TR118*000518,"Computer, CPU, Dell D18M, core i5, SN: BHB5WL2",MOI PHASE I &II,FIRST FLOOR,DAHRM,CONFEDENTAL OFFICE,GOOD,Active,
TR118*000608,"Computer, CPU, Dell D19M, core i7, SN:21FD8F2",MOI PHASE I &II,FIRST FLOOR,DAHRM,266 HR TRAINING AND ADMINSTR,GOOD,Active,
TR118*005109,"Computer, CPU, Dell Optiplex 9020, core i7, SN: 2G6LV42",MOI PHASE I &II,FIRST FLOOR,TEEM,ROOM 216,GOOD,Active,
TR118*000614,"Computer, CPU, Dell Optplex 7040, core i7, SN: 1S7L8F2",MOI PHASE I &II,FIRST FLOOR,DAHRM,272 HR TRAINING AND ADMINSTR,GOOD,Active,
TR118*000618,"Computer, CPU, Dell Optplex 7040, core i7, SN: 1T5F8F2",MOI PHASE I &II,FIRST FLOOR,DAHRM,276 HR TRAINING AND ADMINSTR,GOOD,Active,
TR118*000682,"Computer, CPU, Dell Optplex 9020, core i7, SN: J7PFV42",MOI PHASE I &II,FIRST FLOOR,DFP,CASHIER OFFICE ROOM 230,GOOD,Active,
TR118*000087,"Computer, CPU, Dell Optplex 9020, INTEL CORE i5, SN: 1788180926",MOI PHASE I &II,FIRST FLOOR,PHYSIO,RECEPTION,GOOD,Active,
TR118*000092,"Computer, CPU, Dell Optplex 9020, INTEL CORE i5, SN: 858C8C2",MOI PHASE I &II,FIRST FLOOR,PHYSIO,RECEPTION,FAIR,Active,
TR118*001370,"Computer, CPU, DELL SN 1Q7MMK2",PHASE I& II,GROUND,DNS,113,Fair,Active,
TR118*000606,"Computer, CPU, Dell Vostro 3888, core i7, SN: 2VHNSK3",MOI PHASE I &II,FIRST FLOOR,DAHRM,264 HR TRAINING AND ADMINSTR,GOOD,Active,
TR118*000368,"Computer, CPU, Dell Vostro D29M, core i3, SN: 2BHMCJ3",MOI PHASE I &II,FIRST FLOOR,DOT,DOCTOR'S ROOM TEAM A,NEW,Active,
TR118*000555,"Computer, CPU, Dell Vostro D29M, core i3, SN: 9THNSK3",MOI PHASE I &II,FIRST FLOOR,DAHRM,HRM,GOOD,Active,
TR118*005937,"Computer, CPU, Dell, SN ",PHASE I& II,GROUND,DCSS,I/C Office Sterilization,V.Good,Active,
TR118*005994,"Computer, CPU, Dell, SN 1TTK8F2",PHASE I& II,GROUND,DCSS,Sterilization,V.Good,Active,
TR118*001903,"Computer, CPU, Dell, SN CM12KZ1",PHASE I& II,GROUND,DCSS,OT Manager,V.Good,Active,
TR118*001810,"Computer, CPU, Dell, SN CN- 02HTXX-70163-47N-01FB-A00",PHASE I& II,GROUND,TEEM,136,Good,Active,
TR118*005935,"Computer, CPU, Dell, SN GSHMSK3",PHASE I& II,GROUND,DCSS,TEA ROOM,V.Good,Active,
TR118*001939,"Computer, CPU, Dell, SN IV3F8F2",PHASE I& II,GROUND,DCSS,OT Pharmacy,V.Good,Active,
TR118*001058,"Computer, CPU, Dell, SN RCP1N3115-0385",PHASE I& II,GROUND,DCSS,Community Pharmacy,Good,Active,
TR118*008834,"Computer, CPU, DELL, SN. 1QYLMK2",CONTAINER,FIRST FROOL,DNS,SOCIAL WALFARE,Fair,Active,
TR118*000999,"Computer, CPU, DELL, SN. 851M8C2",PHASE I& II,GROUND,DFP,105,Fair,Active,
TR118*001312,"Computer, CPU, DELL, SN. BC7CWL2",PHASE I& II,GROUND,DFP,112,Good,Active,
TR118*001678,"Computer, CPU, DELL, SN. CKDJ7K2",PHASE I& II,GROUND,TEEM,137,Poor,Active,
TR118*001314,"Computer, CPU, DELL, SN. CN64112",PHASE I& II,GROUND,DFP,112,Good,Active,
TR118*008722,"Computer, CPU, DELL, SN. DVS4C62",PHASE I& II,GROUND,DCSS,COMMUNITY PHARMACY WAITING AREA,Fair,Active,
TR118*001047,"Computer, CPU, Dell, SN. RCP1N3115-0385",PHASE I& II,GROUND,DCSS,Community Pharmacy,New,Active,
TR118*000497,"Computer, CPU, Dell, SN: 88P9WL2",MOI PHASE I &II,FIRST FLOOR,DAHRM,ROOM 228: REGISTRY,GOOD,Active,
TR118*000499,"Computer, CPU, Dell, SN: BHY8WL2",MOI PHASE I &II,FIRST FLOOR,DAHRM,ROOM 228: REGISTRY,POOR,Active,
TR118*000213,"Computer, CPU, HP 200 G4, core i5, SN: 4CE249D0QB)",MOI PHASE I &II,FIRST FLOOR,PROCUREMENT UNIT,239 PROCUREMENT MNGT UNIT,GOOD,Active,
TR118*000437,"Computer, CPU, HP 290 G1, core i5, SN:",MOI PHASE I &II,FIRST FLOOR,DOT,DOCTOR'S ROOM PEDIATRIC,GOOD,Active,
TR118*000436,"Computer, CPU, HP 290 G1, core i5, SN: 4CE722308C",MOI PHASE I &II,FIRST FLOOR,DOT,DOCTOR'S ROOM PEDIATRIC,GOOD,Active,
TR118*000318,"Computer, CPU, HP 290 G1, core i5, SN: 4CE72230BK",MOI PHASE I &II,FIRST FLOOR,DOT,ROOM NO 202,GOOD,Active,
TR118*000270,"Computer, CPU, HP 290 G1, core i5, SN: 4CE7223SDN",MOI PHASE I &II,FIRST FLOOR,FINANCE,PAYROLL,GOOD,Active,
TR118*000284,"Computer, CPU, HP 290 G1, core i7, SN: 4CE8114DJ0",MOI PHASE I &II,FIRST FLOOR,FINANCE,PAYROLL,GOOD,Active,
TR118*000612,"Computer, CPU, HP 290 G2, core i5, SN: 8CG8505Z14",MOI PHASE I &II,FIRST FLOOR,DAHRM,270 HR TRAINING AND ADMINSTR,GOOD,Active,
TR118*000158,"Computer, CPU, HP 290 G4 core i5, SN: 4CE251C6J0",MOI PHASE I &II,FIRST FLOOR,HR,240 DOCROR'S SECRETARY,GOOD,Active,
TR118*000121,"Computer, CPU, HP 290 G4 core i5, SN: 4CE251CXP4",MOI PHASE I &II,FIRST FLOOR,INTERNAL AUDIT,INTERNAL AUDIT OFFICE,GOOD,Active,
TR118*000268,"Computer, CPU, HP 290 G4, core i3, SN: 4CE215BVTM",MOI PHASE I &II,FIRST FLOOR,FINANCE,PAYROLL,GOOD,Active,
TR118*000871,"Computer, CPU, HP 290 G4, core i5, SN: 4CE1193SX9",MOI PHASE I &II,FIRST FLOOR,DAHRAM,214: DAHRM OFFICE,GOOD,Active,
TR118*000895,"Computer, CPU, HP 290 G4, core i5, SN: 4CE1231MTX",MOI PHASE I &II,FIRST FLOOR,DAHRAM,214: DAHRM OFFICE SECRETARY,GOOD,Active,
TR118*000286,"Computer, CPU, HP 290 G4, core i5, SN: 4CE144BR0D",MOI PHASE I &II,FIRST FLOOR,FINANCE,PAYROLL,GOOD,Active,
TR118*000276,"Computer, CPU, HP 290 G4, Core i5, SN: 4CE151DXT8",MOI PHASE I &II,FIRST FLOOR,FINANCE,PAYROLL,NEW,Active,
TR118*000651,"Computer, CPU, HP 290 G4, core i5, SN: 4CE214BFCT",MOI PHASE I &II,FIRST FLOOR,DFP,ROOM NO 232,GOOD,Active,
TR118*000602,"Computer, CPU, HP 290 G4, core i5, SN: 4CE215BVQ9",MOI PHASE I &II,FIRST FLOOR,DAHRM,262 HR TRAINING AND ADMINSTR,GOOD,Active,
TR118*000832,"Computer, CPU, HP 290 G4, core i5, SN: 4CE215BVQD",MOI PHASE I &II,FIRST FLOOR,DOT ,215: DOT SECRETARY,GOOD,Active,
TR118*000849,"Computer, CPU, HP 290 G4, core i5, SN: 4CE215BVW",MOI PHASE I &II,FIRST FLOOR,DAHRAM,209: MANAGER ADMIN,NEW,Active,
TR118*000544,"Computer, CPU, HP 290 G4, core i5, SN: 4CE215BVXZ",MOI PHASE I &II,FIRST FLOOR,DFP,HOE,GOOD,Active,
TR118*000652,"Computer, CPU, HP 290 G4, CORE I5, SN: 4CE215BWB",MOI PHASE I &II,FIRST FLOOR,DFP,ROOM NO 232,GOOD,Active,
TR118*000678,"Computer, CPU, HP 290 G4, core i7, SN: 4CE115….",MOI PHASE I &II,FIRST FLOOR,DFP,DFP OFFICE: SECRETARY,GOOD,Active,
TR118*000542,"Computer, CPU, HP 290 G4, core i7, SN: 4CE215BVV8",MOI PHASE I &II,FIRST FLOOR,DFP,HOE,GOOD,Active,
TR118*000647,"Computer, CPU, HP 290 G4, core i7, SN: 4CE215BVX0",MOI PHASE I &II,FIRST FLOOR,DFP,ROOM NO 232,GOOD,Active,
TR118*000858,"Computer, CPU, HP 290 G4, core i7, SN: 4CE244CXVY",MOI PHASE I &II,FIRST FLOOR,DNE,212: DNE OFFICE,NEW,Active,
TR118*000777,"Computer, CPU, HP 290 G4, core i7, SN: 4CE249D0MN",MOI PHASE I &II,FIRST FLOOR,ED,211: INTERNAL AUDIT MANAGER,NEW,Active,
TR118*000913,"Computer, CPU, HP 290 G4, core i7, SN: 4CE249D0P",MOI PHASE I &II,FIRST FLOOR,DCSS,210: DCSS OFFICE,NEW,Active,
TR118*000749,"Computer, CPU, HP 290 G4, core i7, SN: 4CE307B2V9",MOI PHASE I &II,FIRST FLOOR,ED,ED OFFICE: SECRETARY,GOOD,Active,
TR118*000143,"Computer, CPU, HP 290 G4, INTEL CORE i5, SN: 4CF144BNNO",MOI PHASE I &II,FIRST FLOOR,PMU,PMU MANAGER OFFICE,GOOD,Active,
TR118*008297,"Computer, CPU, HP 290 G4, IntelL Core I3, SN: 4CE329BPDS",MOI PHASE I &II,FIRST FLOOR,DNS,217,NEW,Active,
TR118*000493,"Computer, CPU, HP 290 G4, SN: 4CE251C6ZM",MOI PHASE I &II,FIRST FLOOR,DAHRM,ROOM 228: REGISTRY,NEW,Active,
TR118*000653,"Computer, CPU, HP 290 G9, core i7, SN: 4CE344DN8D",MOI PHASE I &II,FIRST FLOOR,DFP,ROOM NO 232,GOOD,Active,
TR118*000642,"Computer, CPU, HP Elite 800, core i5, SN: SGH427RM1X",MOI PHASE I &II,FIRST FLOOR,DFP,ROOM NO 232,GOOD,Active,
TR118*000215,"Computer, CPU, HP Elitedesk 200 G1, core i5, SN: SGH435SDMW",MOI PHASE I &II,FIRST FLOOR,PROCUREMENT UNIT,239 PROCUREMENT MNGT UNIT,GOOD,Active,
TR118*000008,"Computer, CPU, HP Intel Core i5 with keyboard and mouse, SN: 4CE213CD5H",MOI PHASE I &II,FIRST FLOOR,PHYSIO,247:MANAGER REHABILITATION,GOOD,Active,
TR118*000054,"Computer, CPU, HP Intel Core i5 with keyboard and mouse, SN: 4CE344DMP6",MOI PHASE I &II,FIRST FLOOR,PHYSIO,PHYSIOTHERARY GYMNASIUM,NEW,Active,
TR118*000790,"Computer, CPU, HP Pro Microtower, core i5, SN: 4CE91707PT",MOI PHASE I &II,FIRST FLOOR,DFP,208: FM,GOOD,Active,
TR118*008536,"COMPUTER, CPU, HP PRO TOWER 290 G9 DESKTOP PC,CORE ™i7",PHASE III,BASEMENT,LAUNDRY,LAUNDRY,NEW,Active,
TR118*000599,"Computer, CPU, HP Prodesk 400 G4, core i5, SN: SGH739SSR3",MOI PHASE I &II,FIRST FLOOR,DAHRM,259 HR TRAINING AND ADMINSTR,GOOD,Active,
TR118*005148,"Computer, CPU, HP Prodesk 400 G5, core i5, SN: 4CE946283J",MOI PHASE I &II,FIRST FLOOR,CRTM,ARCHIVE,GOOD,Active,
TR118*000348,"Computer, CPU, HP Prodesk 400 G5, core i7, SN: CZC911CNBY",MOI PHASE I &II,FIRST FLOOR,DNE,NEOUROSUGERY ROOM 210,GOOD,Active,
TR118*008239,"Computer, CPU, HP PRODESK 400 G5, Intel core i5, SN: CZC8477CNX",MOI PHASE I &II,FIRST FLOOR,PHYSIO,ROOM 11,GOOD,Active,
TR118*000212,"Computer, CPU, HP Prodesk 400 G6, core i5, SN: CZC038CSJ3",MOI PHASE I &II,FIRST FLOOR,PROCUREMENT UNIT,239 PROCUREMENT MNGT UNIT,GOOD,Active,
TR118*008075,"Computer, CPU, HP Prodesk,  400 G5 MT  Intel ,Core i5,SN:C2C84773JL",MOI PHASE I &II,FIRST FLOOR,PHYSIO,ROOM 4,GOOD,Active,
TR118*000080,"Computer, CPU, HP Prodesk, Intel core i5, SN: CZC84770XW",MOI PHASE I &II,FIRST FLOOR,PHYSIO,CONSULTATION ROOM 9,GOOD,Active,
TR118*000062,"Computer, CPU, HP Prodesk, Intel core i5, SN: CZC84773JC",MOI PHASE I &II,FIRST FLOOR,PHYSIO,CONSULTATION ROOM 8,GOOD,Active,
TR118*000280,"Computer, CPU, HP Protower 290 G9, core i7, SN: 4CE334C7GV",MOI PHASE I &II,FIRST FLOOR,FINANCE,PAYROLL,NEW,Active,
TR118*000282,"Computer, CPU, HP Protower 290 G9, core i7, SN: 4CE344DN6V",MOI PHASE I &II,FIRST FLOOR,FINANCE,PAYROLL,NEW,Active,
TR118*000273,"Computer, CPU, HP Protower 290 G9, core i7, SN: 4CE344DN7V",MOI PHASE I &II,FIRST FLOOR,FINANCE,PAYROLL,NEW,Active,
TR118*000201,"Computer, CPU, HP, 290 G8, Intel Core i5, SN:  4CE20038D0NW",MOI PHASE I &II,FIRST FLOOR,PROCUREMENT UNIT,239 PROCUREMENT MNGT UNIT,NEW,Active,
TR118*000616,"Computer, CPU, HP, core i5, SN: 4CE1121QF0",MOI PHASE I &II,FIRST FLOOR,DAHRM,274 HR TRAINING AND ADMINSTR,GOOD,Active,
TR118*008104,"Computer, CPU, HP, Prodesk,400 G5 MT; 5BM23EABH5,SN: CZC8477H60",MOI PHASE I &II,FIRST FLOOR,PYHSIO,PHYSIOTHERAPY,GOOD,Active,
TR118*001445,"Computer, CPU, HP, SN  CZC93593QS",PHASE I& II,GROUND,DCSS,116,Very Good,Active,
TR118*001333,"Computer, CPU, HP, SN 4CE1211RFO",PHASE I& II,GROUND,ED,112,Very Good,Active,
TR118*008855,"Computer, CPU, HP, SN 4CE150D94K",CONTAINER,GROUND FLOOR,DNS,TUGHE,Good,Active,
TR118*001049,"Computer, CPU, HP, SN 4CE215DVYC",PHASE I& II,GROUND,DCSS,Community Pharmacy,New,Active,
TR118*001937,"Computer, CPU, HP, SN 4CE307B2V5",PHASE I& II,GROUND,DCSS,OT Pharmacy,V.Good,Active,
TR118*001806,"Computer, CPU, HP, SN 4CE81814LY",PHASE I& II,GROUND,TEEM,136,Good,Active,
TR118*001169,"Computer, CPU, HP, SN 4CE8243K71",PHASE I& II,GROUND,DNS,110,Very Good,Active,
TR118*001329,"Computer, CPU, HP, SN 4CE8482Q8L",PHASE I& II,GROUND,ED,112,Very Good,Active,
TR118*001336,"Computer, CPU, HP, SN 4CE8482QLF",PHASE I& II,GROUND,ED,112,Good,Active,
TR118*001062,"Computer, CPU, HP, SN 4CE9030CH7",PHASE I& II,GROUND,DCSS,Community Pharmacy,Good,Active,
TR118*001255,"Computer, CPU, HP, SN 4CE9030CHV",PHASE I& II,GROUND,DNS,110,Fair,Active,
TR118*001030,"Computer, CPU, HP, SN 4CE9030CJK",PHASE I& II,GROUND,DCSS,Phamacy-IP/OP,Very Good,Active,
TR118*001093,"Computer, CPU, HP, SN 8CG9321V77",PHASE I& II,GROUND,DCSS,Community Pharmacy,Good,Active,
TR118*001089,"Computer, CPU, HP, SN ACE307B2SZ",PHASE I& II,GROUND,DCSS,Community Pharmacy,New,Active,
TR118*001407,"Computer, CPU, HP, SN ACE9492K3H",PHASE I& II,GROUND,OPD,114,Good,Active,
TR118*001171,"Computer, CPU, HP, SN BCG946696C",PHASE I& II,GROUND,DNS,110,Very Good,Active,
TR118*005502,"Computer, CPU, HP, SN C2C516151P",PHASE I& II,GROUND,DCSS,Anaesthesia Office,V.Good,Active,
TR118*001264,"Computer, CPU, HP, SN C2C6518FM3",PHASE I& II,GROUND,ED,106,New,Active,
TR118*001091,"Computer, CPU, HP, SN C2C9397GKW",PHASE I& II,GROUND,DCSS,Community Pharmacy,Very Good,Active,
TR118*001173,"Computer, CPU, HP, SN CZC74971C8",PHASE I& II,GROUND,DNS,110,Very Good,Active,
TR118*005526,"Computer, CPU, HP, SN CZC8197ZQR",PHASE I& II,GROUND,DCSS,Anaesthesia Office,V.Good,Active,
TR118*001024,"Computer, CPU, HP, SN CZC85079SLB",PHASE I& II,GROUND,DCSS,Phamacy-IP/OP,Good,Active,
TR118*001027,"Computer, CPU, HP, SN CZC85079TK",PHASE I& II,GROUND,DCSS,Phamacy-IP/OP,Very Good,Active,
TR118*001442,"Computer, CPU, HP, SN CZC93593RL",PHASE I& II,GROUND,DCSS,116,Very Good,Active,
TR118*001185,"Computer, CPU, HP, SN GRYQY42",PHASE I& II,GROUND,DNS,110,Very Good,Active,
TR118*001181,"Computer, CPU, HP, SN SG8438QBW1",PHASE I& II,GROUND,DNS,110,Very Good,Active,
TR118*001064,"Computer, CPU, HP, SN SGH438Q7LD",PHASE I& II,GROUND,DCSS,Community Pharmacy,Good,Active,
TR118*001299,"Computer, CPU, HP, SN SGH438QBWO",PHASE I& II,GROUND,DNS,121,Good,Active,
TR118*001059,"Computer, CPU, HP, SN TRF4410DB0",PHASE I& II,GROUND,DCSS,Community Pharmacy,Good,Active,
TR118*001577,"Computer, CPU, HP, SN, 8CG94969GZ",PHASE I& II,GROUND,DNS,Doctors Room -144,Very Good,Active,
TR118*001451,"Computer, CPU, HP, SN.  4CE151DXP6",PHASE I& II,GROUND,DCSS,117,New,Active,
TR118*001621,"Computer, CPU, HP, SN. 4CE207DMM4",PHASE I& II,GROUND,DCSS,DIGITAL X-RAY ROOM,New,Active,
TR118*001316,"Computer, CPU, HP, SN. 4CE214BFJ1",PHASE I& II,GROUND,DFP,112,New,Active,
TR118*000988,"Computer, CPU, HP, SN. 4CE215BVSJ",PHASE I& II,GROUND,DFP,104,New,Active,
TR118*000990,"Computer, CPU, HP, SN. 4CE215BWOW",PHASE I& II,GROUND,DFP,104,New,Active,
TR118*001002,"Computer, CPU, HP, SN. 4CE251C6KD",PHASE I& II,GROUND,DFP,105,New,Active,
TR118*000997,"Computer, CPU, HP, SN. 4CE251C6ZW",PHASE I& II,GROUND,DFP,105,New,Active,
TR118*008822,"Computer, CPU, HP, SN. 4CE312DGJ9",CONTAINER,FIRST FROOL,DNS,SOCIAL WALFARE,New,Active,
TR118*001680,"Computer, CPU, HP, SN. 4CE8181Q1K",PHASE I& II,GROUND,TEEM,137,Good,Active,
TR118*001331,"Computer, CPU, HP, SN. 4CE84820QN2",PHASE I& II,GROUND,ED,112,Very Good,Active,
TR118*008720,"Computer, CPU, HP, SN. CZC51615C0",PHASE I& II,GROUND,DCSS,COMMUNITY PHARMACY WAITING AREA,Fair,Active,
TR118*008724,"Computer, CPU, HP, SN. CZC74971F4",PHASE I& II,GROUND,DCSS,COMMUNITY PHARMACY WAITING AREA,Fair,Active,
TR118*001016,"Computer, CPU, HP, SN.4CE1231MQX",PHASE I& II,GROUND,ADMN,CONTROL ROOM,New,Active,
TR118*000160,"Computer, CPU, LENOVO 10159 CORE i3, SN: ES12870735",MOI PHASE I &II,FIRST FLOOR,HR,240 DOCROR'S SECRETARY,GOOD,Active,
TR118*000596,"Computer, CPU, Prodesk 400 G4, core i5, SN: CZC8167P9T",MOI PHASE I &II,FIRST FLOOR,DAHRM,256 HR TRAINING AND ADMINSTR,GOOD,Active,
MOI/DISP/ME/736,"COMPUTER, CPU,DELL OPTIPLEX 9020",,,,,,Active,
TR118*006108,"COMPUTER, CPU,DELL,SN:4X4NYX1",MOI PHASE III,5 floor,ICTM,ICT MANAGER,GOOD,Active,
TR118*006920,"COMPUTER, CPU,HP  290 G1 MT, corei5-7500",PHASE III,GROUND,EMD,INCHARGE OFFICE EMD,GOOD,Active,
TR118*002886,"COMPUTER, CPU,HP 290 G2 MT,corei5-85000",PHASE III,1 FLOOR ,ICU,PHARMACY ICU,GOOD,Active,
TR118*002005,"COMPUTER, CPU,HP 290 G4 MICROTOWER PC,CORE i7",PHASE III,2 FLOOR,2B,CUBE 1,POOR,Active,
MOI/DISP/ME/737,"COMPUTER, CPU,HP PRO 3400 MT",,,,,,Active,
TR118*000199,"Computer, CPU,HP Prodesk 400 G6,MT Intel Core i5,SN: CZC021B27H",MOI PHASE I &II,FIRST FLOOR,PROCUREMENT UNIT,239 PROCUREMENT MNGT UNIT,GOOD,Active,
TR118*005939,"Computer, CPU,HP, SN 8CG9466BO3",PHASE I& II,GROUND,DCSS,I/C Office Sterilization,V.Good,Active,
TR118*002383,"COMPUTER, CPU,HP,290 G4 Microtower,corei7-10700",PHASE III,1 FLOOR ,LAB,PRE LABORATORY,NEW,Active,
TR118*000207,"Computer, CPU,HP,290 G4,Intel Core i7,SN: 4CE249D0K7",MOI PHASE I &II,FIRST FLOOR,PROCUREMENT UNIT,239 PROCUREMENT MNGT UNIT,NEW,Active,
TR118*006958,"COMPUTER, CPU,Intel® Core™ i5-6100 @3.70GHz",PHASE III,GROUND,EMD,EMD COMMUNITY PHARMACY,GOOD,Active,
TR118*008828,"Computer, CPU. HP, SN. 4CE329BPHJ",CONTAINER,FIRST FROOL,DNS,SOCIAL WALFARE,New,Active,
TR118*GAMIS273,"Computer, CPUDellHP type; ;, Prodesk 400 G7 :Processor: 10th Generation, Intel,Core i7-10400(12 MB Cache,6 cores,12threads,2.90 GHz to 4.30GHz Turbo) SATA Hard Drive:1TB,7200 pm,SATA rpm;SATA,6.7",MOI PHASE I &II,FIRST FLOOR,DAHRM,DAHRM OFFICE,GOOD,Active,
TR118*GAMIS179,"COMPUTER, Desk Top computer",MOI PHASE I &II,FIRST FLOOR,DAHRM,DAHRM OFFICE,GOOD,Active,
TR118*GAMIS181,"COMPUTER, Desk Top computer",MOI PHASE I &II,FIRST FLOOR,DAHRM,DAHRM OFFICE,GOOD,Active,
TR118*GAMIS274,"COMPUTER, Desk top Computer CPUHp Type prodesk, 400G4   Microtower INTEL CORE 15-7600,Processor 8GB, RAM,500GB HDD WINDOWS 10PRO PRELOADED WITH DISPLAY 24 COMPUTER, INCHES SCREEN WITH HP24F DISPLAY",MOI PHASE I &II,FIRST FLOOR,DAHRM,DAHRM OFFICE,GOOD,Active,
TR118*GAMIS275,"Computer, Desk Top CPU-SN : SNCZC038CSKCHP PRODESK 400 4g MICROTOWER PROCESSOR Intel Core i5-7600 8GB Ra,m/500GB HDD Windows 10 pro-preloaded with 24 Display 24 Inches ,screen, with (HP 24F Display)",MOI PHASE I &II,FIRST FLOOR,DAHRM,DAHRM OFFICE,GOOD,Active,
TR118*GAMIS271,"Computer, Desk Top CPU-SN 4CE 4CE1211RFOHP290D4MICROTOWER CORE INTEL 17-10700(2.9GHz,Base Frequency,up to 4.8GHz)iTB 7200rpm SATA ,8GB RAM DDR4, I yesr warranty ",MOI PHASE I &II,FIRST FLOOR,DAHRM,DAHRM OFFICE,GOOD,Active,
TR118*GAMIS270,"Computer, Desk Top CPU-SN 4CE1211RDSHP290D4MICROTOWER CORE INTEL 17-10700(2.9GHz,Base Frequency,up to 4.8GHz)iTB 7200rpm SATA ,8GB RAM DDR4, I yesr warranty ",MOI PHASE I &II,FIRST FLOOR,DAHRM,DAHRM OFFICE,GOOD,Active,
TR118*GAMIS269,"Computer, Desk Top CPU-SN 4CE211RC2HP290D4MICROTOWER CORE INTEL 17-10700(2.9GHz,Base Frequency,up to 4.8GHz)iTB 7200rpm SATA ,8GB RAM DDR4, I yesr warranty ",MOI PHASE I &II,FIRST FLOOR,DAHRM,DAHRM OFFICE,GOOD,Active,
TR118*GAMIS268,"Computer, Desk Top -Monitor Sn HP290D4MICROTOWER CORE INTEL 17-10700(2.9GHz,Base Frequency,up to 4.8GHz)iTB 7200rpm SATA ,8GB RAM DDR4, I yesr warranty ",MOI PHASE I &II,FIRST FLOOR,DAHRM,DAHRM OFFICE,GOOD,Active,
TR118*GAMIS272,"Computer, Desktop",,,,,,Active,
TR118*GAMIS182,"COMPUTER, Desktop computer",MOI PHASE I &II,FIRST FLOOR,DAHRM,DAHRM OFFICE,GOOD,Active,
TR118*GAMIS4,"COMPUTER, DESKTOP COMPUTER CORE I7 CPU 3.0GHZ,RAM 4GB,HDD ITB",MOI PHASE I &II,FIRST FLOOR,DAHRM,DAHRM OFFICE,GOOD,Active,
TR118*GAMIS3,"COMPUTER, DESKTOP COMPUTERS WORKSTATION",MOI PHASE I &II,FIRST FLOOR,DAHRM,DAHRM OFFICE,GOOD,Active,
TR118*GAMIS183,"COMPUTER, DESKTOP COMPUTERS WORKSTATION",MOI PHASE I &II,FIRST FLOOR,DAHRM,DAHRM OFFICE,GOOD,Active,
TR118*GAMIS197,"COMPUTER, HARD DISK HPE 1.2 SC SAS 12G 10K NSFF HDD 872479-B21 HPE 1.2TB SAS 12G ENT 10K SFF (2.5IN) SC ",MOI PHASE I &II,FIRST FLOOR,DAHRM,DAHRM OFFICE,GOOD,Active,
TR118*GAMIS198,"COMPUTER, HARD DISK, EXTERNAL, TRANSCEND 2TB",MOI PHASE I &II,FIRST FLOOR,DAHRM,DAHRM OFFICE,GOOD,Active,
TR118*GAMIS199,"COMPUTER, HARD DISK, EXTERNAL, TRANSCEND 2TB",MOI PHASE I &II,FIRST FLOOR,DAHRM,DAHRM OFFICE,GOOD,Active,
TR118*GAMIS200,"COMPUTER, HARD DISK, EXTERNAL, TRANSCEND 2TB",MOI PHASE I &II,FIRST FLOOR,DAHRM,DAHRM OFFICE,GOOD,Active,
TR118*GAMIS196,"COMPUTER, HARD DISK,HPE 1.2 SC SAS 12G 10K NSFF HDD 872479-B21 HPE 1.2TB SAS 12G ENT 10K SFF (2.5IN) SC ",MOI PHASE I &II,FIRST FLOOR,DAHRM,DAHRM OFFICE,GOOD,Active,
TR118*GAMIS265,"COMPUTER, HP DESKTOP 290G  MICROTOWER RAM ",MOI PHASE I &II,FIRST FLOOR,DAHRM,DAHRM OFFICE,GOOD,Active,
TR118*GAMIS266,"COMPUTER, HP DESKTOP 290G  MICROTOWER RAM ",MOI PHASE I &II,FIRST FLOOR,DAHRM,DAHRM OFFICE,GOOD,Active,
TR118*GAMIS267,"COMPUTER, HP DESKTOP 290G  MICROTOWER RAM ",MOI PHASE I &II,FIRST FLOOR,DAHRM,DAHRM OFFICE,GOOD,Active,
TR118*000190,"Computer, HP pro 300 g6 core i5",MOI PHASE I &II,FIRST FLOOR,PROCUREMENT UNIT,239 PROCUREMENT MNGT UNIT,GOOD,Active,
TR118*GAMIS184,"COMPUTER, KEYBOARD DELL",MOI PHASE I &II,FIRST FLOOR,DAHRM,DAHRM OFFICE,GOOD,Active,
TR118*GAMIS185,"COMPUTER, KEYBOARD DELL",MOI PHASE I &II,FIRST FLOOR,DAHRM,DAHRM OFFICE,GOOD,Active,
TR118*GAMIS186,"COMPUTER, KEYBOARD DELL",MOI PHASE I &II,FIRST FLOOR,DAHRM,DAHRM OFFICE,GOOD,Active,
TR118*GAMIS187,"COMPUTER, KEYBOARD DELL",MOI PHASE I &II,FIRST FLOOR,DAHRM,DAHRM OFFICE,GOOD,Active,
TR118*GAMIS188,"COMPUTER, KEYBOARD DELL",MOI PHASE I &II,FIRST FLOOR,DAHRM,DAHRM OFFICE,GOOD,Active,
TR118*GAMIS189,"COMPUTER, KEYBOARD DELL",MOI PHASE I &II,FIRST FLOOR,DAHRM,DAHRM OFFICE,GOOD,Active,
TR118*GAMIS190,"COMPUTER, KEYBOARD DELL",MOI PHASE I &II,FIRST FLOOR,DAHRM,DAHRM OFFICE,GOOD,Active,
TR118*GAMIS191,"COMPUTER, KEYBOARD DELL",MOI PHASE I &II,FIRST FLOOR,DAHRM,DAHRM OFFICE,GOOD,Active,
TR118*GAMIS192,"COMPUTER, KEYBOARD DELL",MOI PHASE I &II,FIRST FLOOR,DAHRM,DAHRM OFFICE,GOOD,Active,
TR118*GAMIS193,"COMPUTER, KEYBOARD DELL",MOI PHASE I &II,FIRST FLOOR,DAHRM,DAHRM OFFICE,GOOD,Active,
TR118*GAMIS194,"COMPUTER, KEYBOARD DELL",MOI PHASE I &II,FIRST FLOOR,DAHRM,DAHRM OFFICE,GOOD,Active,
TR118*GAMIS195,"COMPUTER, KEYBOARD DELL",MOI PHASE I &II,FIRST FLOOR,DAHRM,DAHRM OFFICE,GOOD,Active,
TR118*GAMIS149,"COMPUTER, LAPTOP ,CPU -8TH GEN INTEL CORE 17,RAM-ATLEST 8GB, HDD 1TB,",MOI PHASE I &II,FIRST FLOOR,DAHRM,DAHRM OFFICE,GOOD,Active,
TR118*GAMIS150,"COMPUTER, LAPTOP ,CPU -8TH GEN INTEL CORE 17,RAM-ATLEST 8GB, HDD 1TB,",MOI PHASE I &II,FIRST FLOOR,DAHRM,DAHRM OFFICE,GOOD,Active,
TR118*GAMIS151,"COMPUTER, LAPTOP ,CPU -8TH GEN INTEL CORE 17,RAM-ATLEST 8GB, HDD 1TB,",MOI PHASE I &II,FIRST FLOOR,DAHRM,DAHRM OFFICE,GOOD,Active,
TR118*GAMIS152,"COMPUTER, LAPTOP ,CPU -8TH GEN INTEL CORE 17,RAM-ATLEST 8GB, HDD 1TB,",MOI PHASE I &II,FIRST FLOOR,DAHRM,DAHRM OFFICE,GOOD,Active,
TR118*GAMIS153,"COMPUTER, LAPTOP ,CPU -8TH GEN INTEL CORE 17,RAM-ATLEST 8GB, HDD 1TB,",MOI PHASE I &II,FIRST FLOOR,DAHRM,DAHRM OFFICE,GOOD,Active,
TR118*GAMIS154,"COMPUTER, LAPTOP ,CPU -8TH GEN INTEL CORE 17,RAM-ATLEST 8GB, HDD 1TB,",MOI PHASE I &II,FIRST FLOOR,DAHRM,DAHRM OFFICE,GOOD,Active,
TR118*GAMIS98,"COMPUTER, LAPTOP HP ELITE BOOK",MOI PHASE I &II,FIRST FLOOR,DAHRM,DAHRM OFFICE,GOOD,Active,
TR118*GAMIS130,"COMPUTER, LAPTOP HP ELITEBOOK G5,CORE I7,RAM 8GB,16.5 FULL DISPLAY HDD 1TB",MOI PHASE I &II,FIRST FLOOR,DAHRM,DAHRM OFFICE,GOOD,Active,
TR118*GAMIS131,"COMPUTER, LAPTOP HP ELITEBOOK G5,CORE I7,RAM 8GB,16.5 FULL DISPLAY HDD 1TB",MOI PHASE I &II,FIRST FLOOR,DAHRM,DAHRM OFFICE,GOOD,Active,
TR118*GAMIS165,"COMPUTER, LAPTOP TABLET,HP ELITE PAD 1000 G2",MOI PHASE I &II,FIRST FLOOR,DAHRM,275 HR TRAINING AND ADMINSTR,GOOD,Active,
TR118*GAMIS166,"COMPUTER, LAPTOP TABLET,HP ELITE PAD 1000 G2",MOI PHASE I &II,FIRST FLOOR,DAHRM,275 HR TRAINING AND ADMINSTR,GOOD,Active,
TR118*GAMIS167,"COMPUTER, LAPTOP TABLET,HP ELITE PAD 1000 G2",MOI PHASE I &II,FIRST FLOOR,DAHRM,275 HR TRAINING AND ADMINSTR,GOOD,Active,
TR118*GAMIS168,"COMPUTER, LAPTOP TABLET,HP ELITE PAD 1000 G2",MOI PHASE I &II,FIRST FLOOR,DAHRM,275 HR TRAINING AND ADMINSTR,GOOD,Active,
TR118*GAMIS169,"COMPUTER, LAPTOP TABLET,HP ELITE PAD 1000 G2",MOI PHASE I &II,FIRST FLOOR,DAHRM,275 HR TRAINING AND ADMINSTR,GOOD,Active,
TR118*GAMIS170,"COMPUTER, LAPTOP TABLET,HP ELITE PAD 1000 G2",MOI PHASE I &II,FIRST FLOOR,DAHRM,275 HR TRAINING AND ADMINSTR,GOOD,Active,
TR118*GAMIS171,"COMPUTER, LAPTOP TABLET,HP ELITE PAD 1000 G2",MOI PHASE I &II,FIRST FLOOR,DAHRM,275 HR TRAINING AND ADMINSTR,GOOD,Active,
TR118*GAMIS122,"COMPUTER, Laptop, -",,,,,,Active,
TR118*GAMIS123,"COMPUTER, Laptop,   ",,,,,,Active,
TR118*GAMIS264,"COMPUTER, LAPTOP,  COMPUTER HP ELITE BOOK 840 G6 HDD 1TB CORE 17 29 GHZ",MOI PHASE I &II,FIRST FLOOR,DAHRM,DAHRM OFFICE,GOOD,Active,
TR118*GAMIS90,"COMPUTER, LAPTOP,  HPHP PROBOOK 450.G8 15 INCHES ,DISPLAY, RAM 8GB",MOI PHASE I &II,FIRST FLOOR,DAHRM,DAHRM OFFICE,GOOD,Active,
TR118*GAMIS175,"COMPUTER, LAPTOP, 17",MOI PHASE I &II,FIRST FLOOR,DAHRM,DAHRM OFFICE,GOOD,Active,
TR118*GAMIS71,"COMPUTER, LAPTOP, APPLE 2023 MACBOOK PRO CHIP 12 CORE, 18 CORE CPU, 14 INCHES MONITOR",MOI PHASE I &II,FIRST FLOOR,DAHRM,DAHRM OFFICE,GOOD,Active,
TR118*GAMIS115,"COMPUTER, LAPTOP, Apple MacBook Air",MOI PHASE I &II,FIRST FLOOR,DAHRM,DAHRM OFFICE,GOOD,Active,
TR118*GAMIS117,"COMPUTER, LAPTOP, COMPUTER HP ELITE BOOK 840G8 SCREEN",MOI PHASE I &II,FIRST FLOOR,DAHRM,DAHRM OFFICE,GOOD,Active,
TR118*GAMIS178,"COMPUTER, LAPTOP, COMPUTER HP ELITE BOOK 840G8 SCREEN",MOI PHASE I &II,FIRST FLOOR,DAHRM,DAHRM OFFICE,GOOD,Active,
TR118*GAMIS116,"COMPUTER, LAPTOP, DELL INSPIRON 7400 GB  CORE 17PROCESSOR 1.9GHZ,8GB RAM, 1TB HDD WIFE , USB PORT, HDMI, 148#0",MOI PHASE I &II,FIRST FLOOR,DAHRM,DAHRM OFFICE,GOOD,Active,
TR118*GAMIS77,"COMPUTER, LAPTOP, DELL LATITUDE 3420 CORE i5-1135g 7 8GB 256SSD 14IN WIN11H",MOI PHASE I &II,FIRST FLOOR,DAHRM,DAHRM OFFICE,GOOD,Active,
TR118*000751,"Computer, Laptop, Dell Latitude 740, core i7, SN: 9VGPNA00",MOI PHASE I &II,FIRST FLOOR,ED,ED OFFICE: FOR BOARD CHAIRMAN,FAIR,Active,
TR118*001095,"Computer, Laptop, Dell, SN 78K20P2",PHASE I& II,GROUND,DCSS,Community Pharmacy,Good,Active,
TR118*003326,"COMPUTER, LAPTOP, DELL, SN: 19KZOP2",MOI PHASE III,3 floor,DNS,"INCHARGE OFFICE,3B",VERY GOOD,Active,
TR118*008313,"COMPUTER, LAPTOP, HP",PHASE III,BASEMENT,SUPPLIES UNIT OFFICE NO 2,SUPPLIES UNIT OFFICE NO 2,GOOD,Active,
TR118*GAMIS111,"COMPUTER, Laptop, HP  ELIT  SN 5CD204JJQ5E",MOI PHASE I &II,FIRST FLOOR,DAHRM,DAHRM OFFICE,GOOD,Active,
TR118*GAMIS91,"COMPUTER, LAPTOP, HP 12&#039 GENERATION, ELITE BOOK 8GB ",MOI PHASE I &II,FIRST FLOOR,DAHRM,DAHRM OFFICE,GOOD,Active,
TR118*000303,"Computer, Laptop, HP 14-cf2224nia, core i5, SN: 5CG10122FT",MOI PHASE I &II,FIRST FLOOR,FINANCE,PAYROLL,GOOD,Active,
TR118*000219,"Computer, Laptop, HP 15-fd0211nia, core i5, SN: 5CD3405LN4",MOI PHASE I &II,FIRST FLOOR,PROCUREMENT UNIT,239 PROCUREMENT MNGT UNIT,GOOD,Active,
TR118*GAMIS73,"COMPUTER, LAPTOP, Hp 2018envy x 360 2 in 1 15.6 full hd",MOI PHASE I &II,FIRST FLOOR,DAHRM,DAHRM OFFICE,GOOD,Active,
TR118*GAMIS100,"COMPUTER, LAPTOP, HP Elite book 840 g8 core i7(LAP TOP)5CG2182RP5",MOI PHASE I &II,FIRST FLOOR,DAHRM,DAHRM OFFICE,GOOD,Active,
TR118*GAMIS103,"COMPUTER, LAPTOP, HP Elite book 840 g8 core i7(LAP TOP)5CG2182RQ8",MOI PHASE I &II,FIRST FLOOR,DAHRM,DAHRM OFFICE,GOOD,Active,
TR118*GAMIS101,"COMPUTER, LAPTOP, HP Elite book 840 g8 core i7(LAP TOP)5CG2182RRM",MOI PHASE I &II,FIRST FLOOR,DAHRM,DAHRM OFFICE,GOOD,Active,
TR118*GAMIS102,"COMPUTER, LAPTOP, HP Elite book 840 g8 core i7(LAP TOP)5CG2182RRT",MOI PHASE I &II,FIRST FLOOR,DAHRM,DAHRM OFFICE,GOOD,Active,
TR118*GAMIS79,"COMPUTER, LAPTOP, HP ELITE BOOK 840 G9",MOI PHASE I &II,FIRST FLOOR,DAHRM,DAHRM OFFICE,GOOD,Active,
TR118*GAMIS80,"COMPUTER, LAPTOP, HP ELITE BOOK 840 G9   (DR JOEL)",MOI PHASE I &II,FIRST FLOOR,DAHRM,DAHRM OFFICE,GOOD,Active,
TR118*GAMIS81,"COMPUTER, LAPTOP, HP ELITE BOOK 840 GB,14 INCHES DISPLAY, 8GB",MOI PHASE I &II,FIRST FLOOR,DAHRM,DAHRM OFFICE,GOOD,Active,
TR118*GAMIS82,"COMPUTER, LAPTOP, HP ELITE BOOK 840 GB,14 INCHES DISPLAY, 8GB",MOI PHASE I &II,FIRST FLOOR,DAHRM,DAHRM OFFICE,GOOD,Active,
TR118*GAMIS83,"COMPUTER, LAPTOP, HP ELITE BOOK 840 GB,14 INCHES DISPLAY, 8GB",MOI PHASE I &II,FIRST FLOOR,DAHRM,DAHRM OFFICE,GOOD,Active,
TR118*GAMIS112,"COMPUTER, Laptop, HP ELITE BOOK 840G6",MOI PHASE I &II,FIRST FLOOR,DAHRM,DAHRM OFFICE,GOOD,Active,
TR118*GAMIS113,"COMPUTER, Laptop, HP ELITE BOOK 840G6",MOI PHASE I &II,FIRST FLOOR,DAHRM,DAHRM OFFICE,GOOD,Active,
TR118*000856,"Computer, Laptop, HP Elitebook 840 G8, core i7, SN: 5CG2182RQ8",MOI PHASE I &II,FIRST FLOOR,DNE,212: DNE OFFICE,NEW,Active,
TR118*000665,"Computer, Laptop, HP Envy x360 15-fe0053dx, Intel evo i7, SN: CND3220C82",MOI PHASE I &II,FIRST FLOOR,DFP,DFP OFFICE,NEW,Active,
TR118*000540,"Computer, Laptop, HP Envy x360 2-in-1, core i7, SN: CND24218VD",MOI PHASE I &II,FIRST FLOOR,DFP,HOE,NEW,Active,
TR118*GAMIS156,"COMPUTER, LAPTOP, HP INTEL CORE 13 4GB RAM ITB",MOI PHASE I &II,FIRST FLOOR,DAHRM,DAHRM OFFICE,GOOD,Active,
TR118*GAMIS157,"COMPUTER, LAPTOP, HP INTEL CORE 13 4GB RAM ITB",MOI PHASE I &II,FIRST FLOOR,DAHRM,DAHRM OFFICE,GOOD,Active,
TR118*GAMIS74,"COMPUTER, LAPTOP, Hp notebook fd0211 coreI5-1355u 8gb ram 512gb",MOI PHASE I &II,FIRST FLOOR,DAHRM,DAHRM OFFICE,GOOD,Active,
TR118*GAMIS75,"COMPUTER, LAPTOP, Hp notebook fd0211 coreI5-1355u 8gb ram 512gb",MOI PHASE I &II,FIRST FLOOR,DAHRM,DAHRM OFFICE,GOOD,Active,
TR118*000791,"Computer, Laptop, HP Pavilion 15-eg1110tu, core i5, SN: 5CD210GND2",MOI PHASE I &II,FIRST FLOOR,DFP,208: FM,NEW,Active,
TR118*GAMIS114,"COMPUTER, Laptop, -HP PAVILLION TOUCH SCREEN, SN :8CG21244YH",MOI PHASE I &II,FIRST FLOOR,DAHRM,DAHRM OFFICE,GOOD,Active,
TR118*GAMIS127,"COMPUTER, LAPTOP, HP PRO BOOK,500HDD,RAM4GB,INTE L CORE I5",MOI PHASE I &II,FIRST FLOOR,DAHRM,DAHRM OFFICE,GOOD,Active,
TR118*GAMIS128,"COMPUTER, LAPTOP, HP PRO BOOK,500HDD,RAM4GB,INTE L CORE I5",MOI PHASE I &II,FIRST FLOOR,DAHRM,DAHRM OFFICE,GOOD,Active,
TR118*GAMIS129,"COMPUTER, LAPTOP, HP PRO BOOK,500HDD,RAM4GB,INTE L CORE I5",MOI PHASE I &II,FIRST FLOOR,DAHRM,DAHRM OFFICE,GOOD,Active,
TR118*GAMIS105,"COMPUTER, LAPTOP, HP Probook 440  (LAP TOP)g8,core i7 ,14 display ,8gb ram,500gb ssd5CD210LL2W",MOI PHASE I &II,FIRST FLOOR,DAHRM,DAHRM OFFICE,GOOD,Active,
TR118*000117,"Computer, Laptop, HP Probook 440 G5 Core i5, SN: 5CD9090W08",MOI PHASE I &II,FIRST FLOOR,INTERNAL AUDIT,INTERNAL AUDIT OFFICE,GOOD,Active,
TR118*000114,"Computer, Laptop, HP Probook 440 G5 Core i5, SN: 5CD9090W2X",MOI PHASE I &II,FIRST FLOOR,INTERNAL AUDIT,INTERNAL AUDIT OFFICE,GOOD,Active,
TR118*000116,"Computer, Laptop, HP Probook 440 G5 Core i5, SN: 5CD9090W65",MOI PHASE I &II,FIRST FLOOR,INTERNAL AUDIT,INTERNAL AUDIT OFFICE,FAIR,Active,
TR118*000115,"Computer, Laptop, HP Probook 440 G5 Core i5, SN: 5CD9090W76",MOI PHASE I &II,FIRST FLOOR,INTERNAL AUDIT,INTERNAL AUDIT OFFICE,GOOD,Active,
TR118*000010,"Computer, Laptop, HP Probook 440 G8 Intel core i7, SN: 5CD210LL3G",MOI PHASE I &II,FIRST FLOOR,PHYSIO,247:MANAGER REHABILITATION,GOOD,Active,
TR118*000717,"Computer, Laptop, HP Probook 440 G8, core i7, SN: 5CD210LL49",MOI PHASE I &II,FIRST FLOOR,DNS,NURSING ROOM PW1,NEW,Active,
TR118*GAMIS107,"COMPUTER, LAPTOP, HP Probook 440 g8,core i7 ,14 display ,8gb ram,500gb ssd (LAP TOP)5CD210LL49",MOI PHASE I &II,FIRST FLOOR,DAHRM,DAHRM OFFICE,GOOD,Active,
TR118*GAMIS108,"COMPUTER, LAPTOP, HP Probook 440 g8,core i7 ,14 display ,8gb ram,500gb ssd (LAP TOP)5CD210LL4M",MOI PHASE I &II,FIRST FLOOR,DAHRM,DAHRM OFFICE,GOOD,Active,
TR118*GAMIS106,"COMPUTER, LAPTOP, HP Probook 440 g8,core i7 ,14 display ,8gb ram,500gb ssd (LAP TOP)5CD210LL5N",MOI PHASE I &II,FIRST FLOOR,DAHRM,DAHRM OFFICE,GOOD,Active,
TR118*GAMIS104,"COMPUTER, LAPTOP, HP Probook 440 g8,core i7 ,14 display ,8gb ram,500gb ssd (LAP TOP)5CD210LL5W",MOI PHASE I &II,FIRST FLOOR,DAHRM,DAHRM OFFICE,GOOD,Active,
TR118*GAMIS72,"COMPUTER, LAPTOP, hp probook 450 G10 i7-1355U 16GB ",MOI PHASE I &II,FIRST FLOOR,DAHRM,DAHRM OFFICE,GOOD,Active,
TR118*000609,"COMPUTER, Laptop, HP Probook 450 G10, core i5, SN: 5CD330F19H",MOI PHASE I &II,FIRST FLOOR,DAHRM,267 HR TRAINING AND ADMINSTR,GOOD,Active,
TR118*000778,"Computer, Laptop, HP Probook 450 G10, core i7, SN: 5CD34960R5",MOI PHASE I &II,FIRST FLOOR,ED,211: INTERNAL AUDIT MANAGER,NEW,Active,
TR118*008309,"COMPUTER, Laptop, HP Probook 450 G10, Intel CORE i7, SN: 5CD34829N2",MOI PHASE I &II,FIRST FLOOR,ED,INTERNAL AUDIT OFFICE,NEW,Active,
TR118*000119,"Computer, Laptop, HP Probook 450 G5 Core i7, SN: 5CD210LL4M",MOI PHASE I &II,FIRST FLOOR,INTERNAL AUDIT,INTERNAL AUDIT OFFICE,NEW,Active,
TR118*000118,"Computer, Laptop, HP Probook 450 G5 Core i7, SN: 5CD3199HG8",MOI PHASE I &II,FIRST FLOOR,INTERNAL AUDIT,INTERNAL AUDIT OFFICE,NEW,Active,
TR118*000766,"Computer, Laptop, HP Probook 4500S, core i5, SN: 2CE3511JCO",MOI PHASE I &II,FIRST FLOOR,ED,207: LEGAL OFFICE,FAIR,Active,
TR118*GAMIS158,"COMPUTER, LAPTOP, HP PROBOOK 450G3",MOI PHASE I &II,FIRST FLOOR,DAHRM,275 HR TRAINING AND ADMINSTR,GOOD,Active,
TR118*GAMIS159,"COMPUTER, LAPTOP, HP PROBOOK 450G3",MOI PHASE I &II,FIRST FLOOR,DAHRM,275 HR TRAINING AND ADMINSTR,GOOD,Active,
TR118*GAMIS160,"COMPUTER, LAPTOP, HP PROBOOK 450G3",MOI PHASE I &II,FIRST FLOOR,DAHRM,275 HR TRAINING AND ADMINSTR,GOOD,Active,
TR118*GAMIS161,"COMPUTER, LAPTOP, HP PROBOOK 450G3",MOI PHASE I &II,FIRST FLOOR,DAHRM,275 HR TRAINING AND ADMINSTR,GOOD,Active,
TR118*GAMIS162,"COMPUTER, LAPTOP, HP PROBOOK 450G3",MOI PHASE I &II,FIRST FLOOR,DAHRM,275 HR TRAINING AND ADMINSTR,GOOD,Active,
TR118*GAMIS163,"COMPUTER, LAPTOP, HP PROBOOK 450G3",MOI PHASE I &II,FIRST FLOOR,DAHRM,275 HR TRAINING AND ADMINSTR,GOOD,Active,
TR118*GAMIS125,"COMPUTER, LAPTOP, HP PROBOOK 450RAM4GB.HDD 1TB,CORE I5, WINDOW 10 ",MOI PHASE I &II,FIRST FLOOR,DAHRM,DAHRM OFFICE,GOOD,Active,
TR118*GAMIS126,"COMPUTER, LAPTOP, HP PROBOOK 450RAM4GB.HDD 1TB,CORE I5, WINDOW 10 ",MOI PHASE I &II,FIRST FLOOR,DAHRM,DAHRM OFFICE,GOOD,Active,
TR118*GAMIS94,"COMPUTER, LAPTOP, HP SPECTURE XXX360,INTEL CORE 17, 16GBRAM",MOI PHASE I &II,FIRST FLOOR,DAHRM,DAHRM OFFICE,GOOD,Active,
TR118*GAMIS95,"COMPUTER, LAPTOP, HP SPECTURE XXX360,INTEL CORE 17, 16GBRAM",MOI PHASE I &II,FIRST FLOOR,DAHRM,DAHRM OFFICE,GOOD,Active,
TR118*GAMIS96,"COMPUTER, LAPTOP, HP SPECTURE XXX360,INTEL CORE 17, 16GBRAM",MOI PHASE I &II,FIRST FLOOR,DAHRM,DAHRM OFFICE,GOOD,Active,
TR118*GAMIS92,"COMPUTER, Laptop, Hp specturexx 360, intel core I7",MOI PHASE I &II,FIRST FLOOR,DAHRM,DAHRM OFFICE,GOOD,Active,
TR118*GAMIS93,"COMPUTER, Laptop, Hp specturexx 360, intel core I8",MOI PHASE I &II,FIRST FLOOR,DAHRM,DAHRM OFFICE,GOOD,Active,
TR118*GAMIS120,"COMPUTER, Laptop, HP type , ELITE BOOK 840 GB NOTEBOOK PC WINDOWS 10 PRO 64,11TH GENERATION INTEL CORE i5 Processor 8GB BRAW 256GB SSD 14INCHES DIAGNOAL FHD",MOI PHASE I &II,FIRST FLOOR,DAHRM,DAHRM OFFICE,GOOD,Active,
TR118*GAMIS121,"COMPUTER, Laptop, HP type , ELITE BOOK 840 GB NOTEBOOK PC WINDOWS 10 PRO 64,11TH GENERATION INTEL CORE i5 Processor 8GB BRAW 256GB SSD 14INCHES DIAGNOAL FHD",MOI PHASE I &II,FIRST FLOOR,DAHRM,DAHRM OFFICE,GOOD,Active,
TR118*GAMIS132,"COMPUTER, LAPTOP, HP, I7-8550U 3.0GHZ 8GB RAM,SSD256 HDD 1TB",MOI PHASE I &II,FIRST FLOOR,DAHRM,DAHRM OFFICE,GOOD,Active,
TR118*005527,"Computer, Laptop, HP, SN 5CD7498MQ5",PHASE I& II,GROUND,DCSS,Anaesthesia Office,V.Good,Active,
TR118*GAMIS119,"COMPUTER, Laptop, HpELITEBOOK 840 GB Processor /CHIPSET INTEL, CORE i7 (11TH GEN)1185G7 MEMORY:18GB)STOTRAGE:512GB,SSD M.2 2280 PCIE 3.0X4-NVM EXPRESS:(NVME),TRIPLES, ",MOI PHASE I &II,FIRST FLOOR,DAHRM,DAHRM OFFICE,GOOD,Active,
TR118*GAMIS70,"COMPUTER, LAPTOP, INTEL CORE 15",MOI PHASE I &II,FIRST FLOOR,DAHRM,DAHRM OFFICE,GOOD,Active,
TR118*GAMIS76,"COMPUTER, Laptop, intel core I5-42104 with intel hd graphics",MOI PHASE I &II,FIRST FLOOR,DAHRM,DAHRM OFFICE,GOOD,Active,
TR118*GAMIS78,"COMPUTER, Laptop, intel core I5-42104 with intel hd graphics 4400",MOI PHASE I &II,FIRST FLOOR,DAHRM,DAHRM OFFICE,GOOD,Active,
TR118*GAMIS97,"COMPUTER, LAPTOP, INTER COREI7 1165UP",MOI PHASE I &II,FIRST FLOOR,DAHRM,DAHRM OFFICE,GOOD,Active,
TR118*GAMIS164,"COMPUTER, LAPTOP, MACBOOK PRO 15-ICH WITH RETINA DISPLAY ",MOI PHASE I &II,FIRST FLOOR,DAHRM,275 HR TRAINING AND ADMINSTR,GOOD,Active,
TR118*007818,"Computer, Laptop, MacBook Pro, Apple 2023 M3, 18GB, 14-inch, SN: MX4WN7KJ6Q",MOI PHASE I &II,GROUND,ED,106,NEW,Active,
TR118*GAMIS109,"COMPUTER, Laptop, specification Hp laptop window II home interl core i7-1260 ( up to 7ghz,18 mb I3 S/N:CND2310TP9",MOI PHASE I &II,FIRST FLOOR,DAHRM,DAHRM OFFICE,GOOD,Active,
TR118*GAMIS110,"COMPUTER, Laptop, specification Hp laptop window II home interl core i7-1260 ( up to 7ghz,18 mb I3 S/N:CND2310TV6 ",MOI PHASE I &II,FIRST FLOOR,DAHRM,DAHRM OFFICE,GOOD,Active,
TR118*GAMIS84,"COMPUTER, LAPTOP, SYSTEM MODEL,HP PROBOK 450 G8,24 INCHES",MOI PHASE I &II,FIRST FLOOR,DAHRM,DAHRM OFFICE,GOOD,Active,
TR118*GAMIS85,"COMPUTER, LAPTOP, SYSTEM MODEL,HP PROBOK 450 G8,24 INCHES",MOI PHASE I &II,FIRST FLOOR,DAHRM,DAHRM OFFICE,GOOD,Active,
TR118*GAMIS86,"COMPUTER, LAPTOP, SYSTEM MODEL,HP PROBOK 450 G8,24 INCHES",MOI PHASE I &II,FIRST FLOOR,DAHRM,DAHRM OFFICE,GOOD,Active,
TR118*GAMIS87,"COMPUTER, LAPTOP, SYSTEM MODEL,HP PROBOK 450 G8,24 INCHES",MOI PHASE I &II,FIRST FLOOR,DAHRM,DAHRM OFFICE,GOOD,Active,
TR118*GAMIS88,"COMPUTER, LAPTOP, SYSTEM MODEL,HP PROBOK 450 G8,24 INCHES",MOI PHASE I &II,FIRST FLOOR,DAHRM,DAHRM OFFICE,GOOD,Active,
TR118*GAMIS89,"COMPUTER, LAPTOP, SYSTEM MODEL,HP PROBOK 450 G8,24 INCHES",MOI PHASE I &II,FIRST FLOOR,DAHRM,DAHRM OFFICE,GOOD,Active,
TR118*GAMIS133,"COMPUTER, LAPTOP,DELL, INTEL CORE i7-7500U",MOI PHASE I &II,FIRST FLOOR,DAHRM,DAHRM OFFICE,GOOD,Active,
TR118*GAMIS134,"COMPUTER, LAPTOP,DELL, INTEL CORE i7-7500U",MOI PHASE I &II,FIRST FLOOR,DAHRM,DAHRM OFFICE,GOOD,Active,
TR118*GAMIS135,"COMPUTER, LAPTOP,DELL, INTEL CORE i7-7500U",MOI PHASE I &II,FIRST FLOOR,DAHRM,DAHRM OFFICE,GOOD,Active,
TR118*GAMIS136,"COMPUTER, LAPTOP,DELL, INTEL CORE i7-7500U",MOI PHASE I &II,FIRST FLOOR,DAHRM,DAHRM OFFICE,GOOD,Active,
TR118*GAMIS137,"COMPUTER, LAPTOP,DELL, INTEL CORE i7-7500U",MOI PHASE I &II,FIRST FLOOR,DAHRM,DAHRM OFFICE,GOOD,Active,
TR118*GAMIS138,"COMPUTER, LAPTOP,DELL, INTEL CORE i7-7500U",MOI PHASE I &II,FIRST FLOOR,DAHRM,DAHRM OFFICE,GOOD,Active,
TR118*GAMIS139,"COMPUTER, LAPTOP,DELL, INTEL CORE i7-7500U",MOI PHASE I &II,FIRST FLOOR,DAHRM,DAHRM OFFICE,GOOD,Active,
TR118*GAMIS140,"COMPUTER, LAPTOP,DELL, INTEL CORE i7-7500U",MOI PHASE I &II,FIRST FLOOR,DAHRM,DAHRM OFFICE,GOOD,Active,
TR118*GAMIS141,"COMPUTER, LAPTOP,DELL, INTEL CORE i7-7500U",MOI PHASE I &II,FIRST FLOOR,DAHRM,DAHRM OFFICE,GOOD,Active,
TR118*GAMIS142,"COMPUTER, LAPTOP,DELL, INTEL CORE i7-7500U",MOI PHASE I &II,FIRST FLOOR,DAHRM,DAHRM OFFICE,GOOD,Active,
TR118*GAMIS143,"COMPUTER, LAPTOP,DELL, INTEL CORE i7-7500U",MOI PHASE I &II,FIRST FLOOR,DAHRM,DAHRM OFFICE,GOOD,Active,
TR118*003471,"COMPUTER, LAPTOP,DELL,SN:G7KZ0P2",MOI PHASE III,4 floor,DNS,"INCHARGE OFFICE,WARD 4B",VERY GOOD,Active,
TR118*GAMIS144,"COMPUTER, LAPTOP,HP ELITEBOOK , INTEL CORE 17,PROCESSOR/8GBRAM,1TB HDD,15.6",MOI PHASE I &II,FIRST FLOOR,DAHRM,DAHRM OFFICE,GOOD,Active,
TR118*GAMIS147,"COMPUTER, LAPTOP,HP PROBOOK G4 CORE i5",MOI PHASE I &II,FIRST FLOOR,DAHRM,DAHRM OFFICE,GOOD,Active,
TR118*GAMIS172,"COMPUTER, LAPTOP,HP, DM 4,CORE 5,4GB RAM,500GB HDD,7 WINDOW FINGER PRINT READER",MOI PHASE I &II,FIRST FLOOR,DAHRM,DAHRM OFFICE,GOOD,Active,
TR118*GAMIS148,"COMPUTER, LAPTOP,HP, ELITE BOOK G3 CORE i5 , 4GB RAM, 500gb HDD WIN 10 PRO 64BIT PRELOADED",MOI PHASE I &II,FIRST FLOOR,DAHRM,DAHRM OFFICE,GOOD,Active,
TR118*000202,"Computer, Laptop,HP,15-FD0211NIA ,SN: 5CD3405LL3",MOI PHASE I &II,FIRST FLOOR,PROCUREMENT UNIT,239 PROCUREMENT MNGT UNIT,GOOD,Active,
TR118*000192,"Computer, Laptop,HP,15-FD0211NIA ,SN: 5CD3405LL3",MOI PHASE I &II,FIRST FLOOR,PROCUREMENT UNIT,239 PROCUREMENT MNGT UNIT,GOOD,Active,
TR118*GAMIS173,"COMPUTER, LAPTOP,HP,DM 4,CORE 5,4GB RAM,500GB HDD,7 WINDOW FINGER PRINT READER",MOI PHASE I &II,FIRST FLOOR,DAHRM,DAHRM OFFICE,GOOD,Active,
TR118*GAMIS174,"COMPUTER, LAPTOP,HP,DM 4,CORE 5,4GB RAM,500GB HDD,7 WINDOW FINGER PRINT READER",MOI PHASE I &II,FIRST FLOOR,DAHRM,DAHRM OFFICE,GOOD,Active,
TR1118*007699,"COMPUTER, LAPTOP,LENOVO,SN:MP226LK6",MOI PHASE III,6 floor,DNS,"LEVEL6,IPC OFFICE",GOOD,Active,
TR118*GAMIS146,"COMPUTER, LAPTOP,PRO BOOK 450 G4-SILVER INTEL CORE I5-7200U INTEL HD GRAPHICS620",MOI PHASE I &II,FIRST FLOOR,DAHRM,DAHRM OFFICE,GOOD,Active,
TR118*001304,"Computer, Lenovo, Monitor & CPU, SN MP2DQL03",PHASE I& II,GROUND,DNS,121,New,Active,
TR118*001262,"Computer, Monitor & CPU, Apple, SN PQ2LV7WYK6",PHASE I& II,GROUND,ED,106,New,Active,
TR118*001176,"Computer, Monitor & CPU, Dell, SN 00RDRX72872-62C-CG7U-AOO",PHASE I& II,GROUND,DNS,110,Good,Active,
TR118*001177,"Computer, Monitor & CPU, Dell, SN DX50Z72",PHASE I& II,GROUND,DNS,110,Good,Active,
TR118*001182,"Computer, Monitor & CPU, HP, SN 8CC2372348",PHASE I& II,GROUND,DNS,110,New,Active,
TR118*001178,"Computer, Monitor & CPU, HP, SN 8CC237234T",PHASE I& II,GROUND,DNS,110,Good,Active,
TR118*001174,"Computer, Monitor & CPU, HP, SN 8CC2372356",PHASE I& II,GROUND,DNS,110,Good,Active,
TR118*001179,"Computer, Monitor & CPU, HP, SN 8CC3090TZM",PHASE I& II,GROUND,DNS,110,Good,Active,
TR118*001175,"Computer, Monitor & CPU, HP, SN 8CC3090VOM",PHASE I& II,GROUND,DNS,110,Good,Active,
TR118*001183,"Computer, Monitor & CPU, Lenovo, SN MP28W7PT",PHASE I& II,GROUND,DNS,110,New,Active,
TR118*005503,"Computer, Monitor & CPU, Lenovo, SN MP2AB4A3",PHASE I& II,GROUND,DCSS,Anaesthesia Office,V.Good,Active,
TR118*001473,"Computer, Monitor & CPU, Lenovo, SN MP2DFFQ3",PHASE I& II,GROUND,DNS,"2 (1,2,3)",New,Active,
TR118*001458,"Computer, Monitor & CPU, Lenovo, SN MP2DPFPW",PHASE I& II,GROUND,DNS,"3 (1,2,3)",Very Good,Active,
TR118*001465,"Computer, Monitor & CPU, Lenovo, SN MPNXS341201C",PHASE I& II,GROUND,DNS,"1 (1,2,3)",New,Active,
TR118*002432,"COMPUTER, MONITOR , TYPE DELL",PHASE III,1 FLOOR ,NUTRITION,NUTRITION,GOOD,Active,
TR118*002916,"COMPUTER, MONITOR ,HP",PHASE III,1 FLOOR ,ICU,INCHARGE OFFICE ICU,GOOD,Active,
TR118*002343,"COMPUTER, MONITOR ,HP",PHASE III,1 FLOOR ,LAB,SEROLOGY,VERY GOOD,Active,
TR118*006984,"COMPUTER, MONITOR ,HP",PHASE III,GROUND,EMD,PHYSICIAN,GOOD,Active,
TR118*001427,"Computer, Monitor and CPU, Lenovo, SN  MP2DPFMT",PHASE I& II,GROUND,OPD,115,New,Active,
TR118*006940,"COMPUTER, MONITOR DELL",PHASE III,GROUND,EMD,GENERALPHARMACY EMD,GOOD,Active,
TR118*006962,"COMPUTER, MONITOR DELL",PHASE III,GROUND,EMD,EMD COMMUNITY PHARMACY,GOOD,Active,
TR118*006919,"COMPUTER, MONITOR DELL",PHASE III,GROUND,EMD,INCHARGE OFFICE EMD,GOOD,Active,
TR118*006954,"COMPUTER, MONITOR DELL",PHASE III,GROUND,EMD,SOCIAL,GOOD,Active,
TR118*001677,"Computer, Monitor DELL, SN. CN-0U417N-64180-0BQ-3LDS",PHASE I& II,GROUND,TEEM,137,Poor,Active,
TR118*002450,"COMPUTER, MONITOR HP",PHASE III,1 FLOOR ,ICU,ICU DOCTORS ROOM,GOOD,Active,
TR118*006957,"COMPUTER, MONITOR HP",PHASE III,GROUND,EMD,EMD COMMUNITY PHARMACY,GOOD,Active,
TR118*006938,"COMPUTER, MONITOR HP",PHASE III,GROUND,EMD,GENERALPHARMACY EMD,GOOD,Active,
TR118*002370,"COMPUTER, MONITOR HP",PHASE III,1 FLOOR ,LAB,HEMATOLOGY,GOOD,Active,
TR118*000200,"Computer, Monitor HP, SN: CNC2031SNB",MOI PHASE I &II,FIRST FLOOR,PROCUREMENT UNIT,239 PROCUREMENT MNGT UNIT,NEW,Active,
TR118*002709,"COMPUTER, MONITOR HP,ELITE DISPLAY E241i",PHASE III,1 FLOOR ,ICU,ICU ROOM 2,GOOD,Active,
TR118*006654,"COMPUTER, MONITOR LG",PHASE III,GROUND,RADIOLOGY,ANGIO SUITE CONTROL ROOM,GOOD,Active,
TR118*008533,"COMPUTER, MONITOR,  HP",PHASE III,BASEMENT,LAUNDRY,LAUNDRY,NEW,Active,
TR118*002136,"COMPUTER, MONITOR,  TYPE DELL",PHASE III,2 FLOOR,PHARMACY,IN PATIENT PHARMACY,GOOD,Active,
TR118*000452,"Computer, Monitor, Acer V196HQL, SN: MMLY0EE0073110969B8501",MOI PHASE I &II,FIRST FLOOR,DOT,ROOM NO 201,GOOD,Active,
TR118*002134,"COMPUTER, MONITOR, DELL",PHASE III,2 FLOOR,PHARMACY,IN PATIENT PHARMACY,GOOD,Active,
TR118*000517,"Computer, Monitor, Dell 3qtxt82, SN: CNOT9Y04FCC00746DP3BA00",MOI PHASE I &II,FIRST FLOOR,DAHRM,CONFEDENTAL OFFICE,GOOD,Active,
TR118*000607,"Computer, Monitor, Dell E170SB, SN: CNOP409N74261986357U",MOI PHASE I &II,FIRST FLOOR,DAHRM,265 HR TRAINING AND ADMINSTR,GOOD,Active,
TR118*001335,"Computer, Monitor, Dell SN CN-07CXPR-FCC00-7AH-CE11-A04",PHASE I& II,GROUND,ED,112,Good,Active,
TR118*001371,"Computer, Monitor, Dell SN cn-OT 9Y04 FCC00-75I-AF8I-AOO",PHASE I& II,GROUND,DNS,113,Fair,Active,
TR118*001029,"Computer, Monitor, Dell, ",PHASE I& II,GROUND,DCSS,Phamacy-IP/OP,Fair,Active,
TR118*001300,"Computer, Monitor, Dell, SN CN-07CXPR-FCC00-76Q-DPWI-AOO",PHASE I& II,GROUND,DNS,121,Good,Active,
TR118*001046,"Computer, Monitor, Dell, SN CN-0NK0P9-FCC00-1B3-E2YB-A07",PHASE I& II,GROUND,DCSS,Community Pharmacy,New,Active,
TR118*001056,"Computer, Monitor, Dell, SN CN-0NK0P9-FCC00-1B3-E58B-AO7",PHASE I& II,GROUND,DCSS,Community Pharmacy,Very Good,Active,
TR118*005934,"Computer, Monitor, Dell, SN CN-0NKOP9-FCC00-1B3E53B-A07",PHASE I& II,GROUND,DCSS,TEA ROOM,V.Good,Active,
TR118*005993,"Computer, Monitor, Dell, SN CN-0T9Y04FCC0098C-DDJB-A05",PHASE I& II,GROUND,DCSS,Sterilization,V.Good,Active,
TR118*001902,"Computer, Monitor, Dell, SN CN-0VO48Y-64180-36F-3288",PHASE I& II,GROUND,DCSS,OT Manager,V.Good,Active,
TR118*001057,"Computer, Monitor, Dell, SN CN-ONJVXM-72872-47E-AFKB",PHASE I& II,GROUND,DCSS,Community Pharmacy,Good,Active,
TR118*005936,"Computer, Monitor, Dell, SN CN-ONKOP9FCCOO-1B3-E2CB-A07",PHASE I& II,GROUND,DCSS,I/C Office Sterilization,V.Good,Active,
TR118*001172,"Computer, Monitor, Dell, SN CN-OODRRX",PHASE I& II,GROUND,DNS,110,Very Good,Active,
TR118*001330,"Computer, Monitor, Dell, SN CN-OPD06D-72872-42C-D5KM",PHASE I& II,GROUND,ED,112,Very Good,Active,
TR118*001332,"Computer, Monitor, Dell, SN CN-OPDO6D-72872-569-67KU",PHASE I& II,GROUND,ED,112,Very Good,Active,
TR118*001063,"Computer, Monitor, Dell, SN CN-OVO48Y-64180-365-5PEU",PHASE I& II,GROUND,DCSS,Community Pharmacy,Good,Active,
TR118*008719,"Computer, Monitor, DELL, SN. 00RDX72872-62NDD61A00",PHASE I& II,GROUND,DCSS,COMMUNITY PHARMACY WAITING AREA,Fair,Active,
TR118*001679,"Computer, Monitor, DELL, SN. CN-07CXPR-72872-6CU-DLTB-A00",PHASE I& II,GROUND,TEEM,137,Good,Active,
TR118*000998,"Computer, Monitor, DELL, SN. CN-0DFDMY",PHASE I& II,GROUND,DFP,105,Fair,Active,
TR118*001313,"Computer, monitor, DELL, SN. CN-0T9Y04-FCC00-74S-CPKB-A00",PHASE I& II,GROUND,DFP,112,Good,Active,
TR118*001311,"Computer, monitor, DELL, SN. CN-0T9Y04-FCC00-74S-CRRB-A00",PHASE I& II,GROUND,DFP,112,Good,Active,
TR118*001593,"Computer, Monitor, DELL, SN. CN-0X0T4K-72972-543-FJFB",PHASE I& II,GROUND,DCSS,X-RAY ROOM,Good,Active,
TR118*001023,"Computer, Monitor, DELL, SN. CN-OKCCCP-72872-331.",PHASE I& II,GROUND,DCSS,Phamacy-IP/OP,Good,Active,
TR118*001667,"Computer, Monitor, DELL, SN. CN-OT9Y04FCC0098GA3EB-AOG",PHASE I& II,GROUND,,CONFERENCE (STUDENT),Very Good,Active,
TR118*000500,"Computer, Monitor, Dell, SN: 0T9Y04FCC00746DNNBA00",MOI PHASE I &II,FIRST FLOOR,DAHRM,ROOM 228: REGISTRY,POOR,Active,
TR118*000617,"Computer, Monitor, Dell, SN: 0X82HR728725BACYPBA00",MOI PHASE I &II,FIRST FLOOR,DAHRM,275 HR TRAINING AND ADMINSTR,GOOD,Active,
TR118*000498,"Computer, Monitor, Dell, SN: 9TQXT82",MOI PHASE I &II,FIRST FLOOR,DAHRM,ROOM 228: REGISTRY,GOOD,Active,
TR118*000369,"Computer, Monitor, Dell, SN: CN05NO1GFCC0023CA4TBA16",MOI PHASE I &II,FIRST FLOOR,DOT,DOCTOR'S ROOM TEAM A,NEW,Active,
TR118*000683,"Computer, Monitor, Dell, SN: CN07CXPR72872630A11IA00",MOI PHASE I &II,FIRST FLOOR,DFP,CASHIER OFFICE ROOM 230,GOOD,Active,
TR118*000613,"Computer, Monitor, Dell, SN: CN0882HR728725BCE1WBA00",MOI PHASE I &II,FIRST FLOOR,DAHRM,271 HR TRAINING AND ADMINSTR,GOOD,Active,
TR118*000554,"Computer, Monitor, Dell, SN: CN0MK0P9FCC001B3E4EBA07",MOI PHASE I &II,FIRST FLOOR,DAHRM,HRM,GOOD,Active,
TR118*005110,"Computer, Monitor, Dell, SN: CN0P409N742619CP0F5U",MOI PHASE I &II,FIRST FLOOR,TEEM,ROOM 216,FAIR,Active,
TR118*000088,"Computer, MONITOR, DELL, SN: CN0PD06D72872569C6RU",MOI PHASE I &II,FIRST FLOOR,PHYSIO,RECEPTION,GOOD,Active,
TR118*000605,"Computer, Monitor, Dell, SN: CNONKOP9FCC001D3E5PBA07",MOI PHASE I &II,FIRST FLOOR,DAHRM,263 HR TRAINING AND ADMINSTR,GOOD,Active,
TR118*000159,"Computer, Monitor, Dell, SN: CNOR735N6418011H23KM",MOI PHASE I &II,FIRST FLOOR,HR,240 DOCROR'S SECRETARY,GOOD,Active,
TR118*000496,"Computer, Monitor, Dell, SN: CNOTY9Y04FCC00A00",MOI PHASE I &II,FIRST FLOOR,DAHRM,ROOM 228: REGISTRY,GOOD,Active,
TR118*001938,"Computer, Monitor, Dell. SN CN-OX82HR-72872-5D-AMED-A00",PHASE I& II,GROUND,DCSS,OT Pharmacy,V.Good,Active,
TR118*001096,"Computer, Monitor, Evvoli, SN 19EV100180800063",PHASE I& II,GROUND,DCSS,Community Pharmacy,Fair,Active,
MOI/DISP/OE/0699,"COMPUTER, MONITOR, HP",MOI PHASE III,GROUND,STORE,STORE,POOR,Active,
TR118*000648,"Computer, Monitor, HP 19 G4, SN: 3CQ2130XZL",MOI PHASE I &II,FIRST FLOOR,DFP,ROOM NO 232,GOOD,Active,
TR118*000541,"Computer, Monitor, HP EliteDisplay 321, SN: 3CQ351183W",MOI PHASE I &II,FIRST FLOOR,DFP,HOE,GOOD,Active,
TR118*000641,"Computer, Monitor, HP Elitedisplay E231, SN: 6CM3321M6M",MOI PHASE I &II,FIRST FLOOR,DFP,ROOM NO 232,GOOD,Active,
TR118*000543,"Computer, Monitor, HP EliteDisplay E2411, SN: CN45031H5F",MOI PHASE I &II,FIRST FLOOR,DFP,HOE,GOOD,Active,
TR118*000086,"Computer, Monitor, HP EliteDisplay E2411, SN: CN45031HSG",MOI PHASE I &II,FIRST FLOOR,PHYSIO,RECEPTION,GOOD,Active,
TR118*000643,"Computer, Monitor, HP LV1911, SN: 6CM31307XZ",MOI PHASE I &II,FIRST FLOOR,DFP,ROOM NO 232,GOOD,Active,
TR118*000872,"Computer, Monitor, HP M22F FHD, SN: 3CM1192D96",MOI PHASE I &II,FIRST FLOOR,DAHRAM,214: DAHRM OFFICE,GOOD,Active,
TR118*000615,"Computer, Monitor, HP P19B G4, SN: 3CQ10507HM",MOI PHASE I &II,FIRST FLOOR,DAHRM,273 HR TRAINING AND ADMINSTR,GOOD,Active,
TR118*000275,"Computer, Monitor, HP P19B G4, SN: 3CQ15192X7",MOI PHASE I &II,FIRST FLOOR,FINANCE,PAYROLL,NEW,Active,
TR118*000848,"Computer, Monitor, HP P19B G4, SN: 3CQ2130X7K",MOI PHASE I &II,FIRST FLOOR,DAHRAM,209: MANAGER ADMIN,NEW,Active,
TR118*000646,"Computer, Monitor, HP P19B G4, SN: 3CQ2130X7L",MOI PHASE I &II,FIRST FLOOR,DFP,ROOM NO 232,GOOD,Active,
TR118*000650,"Computer, Monitor, HP P19B G4, SN: 3CQ2130X7S",MOI PHASE I &II,FIRST FLOOR,DFP,ROOM NO 232,GOOD,Active,
TR118*000601,"Computer, Monitor, HP P19B G4, SN: 3CQ2130X7Y",MOI PHASE I &II,FIRST FLOOR,DAHRM,261 HR TRAINING AND ADMINSTR,NEW,Active,
TR118*000494,"Computer, Monitor, HP P19B, SN: 3CQ2500793",MOI PHASE I &II,FIRST FLOOR,DAHRM,ROOM 228: REGISTRY,NEW,Active,
TR118*000677,"Computer, Monitor, HP P22V G4, SN: CN414921VY",MOI PHASE I &II,FIRST FLOOR,DFP,DFP OFFICE: SECRETARY,GOOD,Active,
TR118*008296,"Computer, Monitor, HP P22V G4, SN: CN42480MHD",MOI PHASE I &II,FIRST FLOOR,DNS,217,NEW,Active,
TR118*000748,"Computer, Monitor, HP P22V G5, SN: CNK32407H2",MOI PHASE I &II,FIRST FLOOR,ED,ED OFFICE: SECRETARY,NEW,Active,
TR118*000649,"Computer, Monitor, HP P22V G5, SN: CNK3240D71",MOI PHASE I &II,FIRST FLOOR,DFP,ROOM NO 232,NEW,Active,
TR118*000279,"Computer, Monitor, HP P22V G5, SN: CNK3411628",MOI PHASE I &II,FIRST FLOOR,FINANCE,PAYROLL,NEW,Active,
TR118*000281,"Computer, Monitor, HP P22V G5, SN: CNK341162K",MOI PHASE I &II,FIRST FLOOR,FINANCE,PAYROLL,NEW,Active,
TR118*000274,"Computer, Monitor, HP P22v G5, SN: SNK341162P",MOI PHASE I &II,FIRST FLOOR,FINANCE,PAYROLL,NEW,Active,
TR118*001256,"Computer, Monitor, HP SN 36Q83815V4",PHASE I& II,GROUND,DNS,110,Fair,Active,
TR118*001369,"Computer, Monitor, HP SN 6CM4290MGM",PHASE I& II,GROUND,DNS,113,Fair,Active,
TR118*000271,"Computer, Monitor, HP V194, SN: 3CQ0151J9Q",MOI PHASE I &II,FIRST FLOOR,FINANCE,PAYROLL,FAIR,Active,
TR118*000598,"Computer, Monitor, HP V194, SN: 3CQ8111M7V",MOI PHASE I &II,FIRST FLOOR,DAHRM,258 HR TRAINING AND ADMINSTR,FAIR,Active,
TR118*000595,"Computer, Monitor, HP V194, SN: 3CQ8111M8D",MOI PHASE I &II,FIRST FLOOR,DAHRM,255 HR TRAINING AND ADMINSTR,GOOD,Active,
TR118*000283,"Computer, Monitor, HP V194, SN: 3CQ81506KY",MOI PHASE I &II,FIRST FLOOR,FINANCE,PAYROLL,GOOD,Active,
TR118*000789,"Computer, Monitor, HP V194, SN: 3CQ9100D8T",MOI PHASE I &II,FIRST FLOOR,DFP,208: FM,GOOD,Active,
TR118*005151,"Computer, Monitor, HP V194, SN: 3CQ947119F",MOI PHASE I &II,FIRST FLOOR,CRTM,ARCHIVE,GOOD,Active,
TR118*005147,"Computer, Monitor, HP V194, SN: 3CQ947169T",MOI PHASE I &II,FIRST FLOOR,CRTM,ARCHIVE,GOOD,Active,
TR118*000007,"Computer, Monitor, HP v197, SN: 1CR2130KZ5",MOI PHASE I &II,FIRST FLOOR,PHYSIO,247:MANAGER REHABILITATION,GOOD,Active,
TR118*000438,"Computer, Monitor, HP V197, SN: 3CQ7210VCJ",MOI PHASE I &II,FIRST FLOOR,DOT,DOCTOR'S ROOM PEDIATRIC,GOOD,Active,
TR118*000435,"Computer, Monitor, HP V197, SN: 3CQ7210VCZ",MOI PHASE I &II,FIRST FLOOR,DOT,DOCTOR'S ROOM PEDIATRIC,GOOD,Active,
TR118*000317,"Computer, Monitor, HP V197, SN: 3CQ72402XJ",MOI PHASE I &II,FIRST FLOOR,DOT,ROOM NO 202,GOOD,Active,
TR118*008240,"Computer, Monitor, HP V197, SN: 3CQ830203R",MOI PHASE I &II,FIRST FLOOR,PHYSIO,ROOM 11,GOOD,Active,
TR118*000611,"Computer, Monitor, HP V197, SN: 3CQ83808Z5",MOI PHASE I &II,FIRST FLOOR,DAHRM,269 HR TRAINING AND ADMINSTR,GOOD,Active,
TR118*000896,"Computer, Monitor, HP V214A, SN: CNC81025Q3",MOI PHASE I &II,FIRST FLOOR,DAHRAM,214: DAHRM OFFICE SECRETARY,GOOD,Active,
TR118*000285,"Computer, Monitor, HP V221VB, SN: CNC1211KJY",MOI PHASE I &II,FIRST FLOOR,FINANCE,PAYROLL,GOOD,Active,
TR118*000857,"Computer, Monitor, HP V221VB, SN: CNC12CQB4F",MOI PHASE I &II,FIRST FLOOR,DNE,212: DNE OFFICE,NEW,Active,
TR118*000910,"Computer, Monitor, HP V221VB, SN: CNC1510Z31",MOI PHASE I &II,FIRST FLOOR,DCSS,210: DCSS OFFICE,NEW,Active,
TR118*000776,"Computer, Monitor, HP V221VB, SN: CNC15112N5",MOI PHASE I &II,FIRST FLOOR,ED,211: INTERNAL AUDIT MANAGER,NEW,Active,
TR118*000829,"Computer, Monitor, HP W2072A, SN: CNC511NXLD",MOI PHASE I &II,FIRST FLOOR,DOT ,215: DOT SECRETARY,GOOD,Active,
TR118*001263,"Computer, Monitor, HP, SN 3CM71810X5",PHASE I& II,GROUND,ED,106,New,Active,
TR118*001090,"Computer, Monitor, HP, SN 3CM91004GY",PHASE I& II,GROUND,DCSS,Community Pharmacy,Very Good,Active,
TR118*008854,"Computer, Monitor, HP, SN 3CQ1310XGR",CONTAINER,GROUND FLOOR,DNS,TUGHE,Good,Active,
TR118*001048,"Computer, Monitor, HP, SN 3CQ2130X7W",PHASE I& II,GROUND,DCSS,Community Pharmacy,New,Active,
TR118*001128,"Computer, Monitor, HP, SN 3CQ74014JQ",PHASE I& II,GROUND,DCSS,118,Good,Active,
TR118*001026,"Computer, Monitor, HP, SN 3CQ8060QW1",PHASE I& II,GROUND,DCSS,Phamacy-IP/OP,Very Good,Active,
TR118*005501,"Computer, Monitor, HP, SN 3CQ8080LPC",PHASE I& II,GROUND,DCSS,Anaesthesia Office,V.Good,Active,
TR118*001061,"Computer, Monitor, HP, SN 3CQ8470QBP",PHASE I& II,GROUND,DCSS,Community Pharmacy,Good,Active,
TR118*001092,"Computer, Monitor, HP, SN 3CQ915197Y",PHASE I& II,GROUND,DCSS,Community Pharmacy,Good,Active,
TR118*001406,"Computer, Monitor, HP, SN 3CQ9161F1B",PHASE I& II,GROUND,OPD,114,Good,Active,
TR118*005938,"Computer, Monitor, HP, SN 3CQ9171NJ6",PHASE I& II,GROUND,DCSS,I/C Office Sterilization,V.Good,Active,
TR118*001168,"Computer, Monitor, HP, SN 4504030H",PHASE I& II,GROUND,DNS,110,Very Good,Active,
TR118*001180,"Computer, Monitor, HP, SN 4531SL7",PHASE I& II,GROUND,DNS,110,Very Good,Active,
TR118*005525,"Computer, Monitor, HP, SN CN4504030Q",PHASE I& II,GROUND,DCSS,Anaesthesia Office,V.Good,Active,
TR118*001444,"Computer, Monitor, HP, SN CNC7450GWF",PHASE I& II,GROUND,DCSS,116,Very Good,Active,
TR118*001443,"Computer, Monitor, HP, SN CNC7511C32",PHASE I& II,GROUND,DCSS,116,New,Active,
TR118*001184,"Computer, Monitor, HP, SN CNC81021KM",PHASE I& II,GROUND,DNS,110,Very Good,Active,
TR118*001576,"Computer, Monitor, HP, SN, 1CR9470S91",PHASE I& II,GROUND,DNS,Doctors Room -144,Very Good,Active,
TR118*001620,"Computer, Monitor, HP, SN. 3CM210323D",PHASE I& II,GROUND,DCSS,DIGITAL X-RAY ROOM,New,Active,
TR118*001450,"Computer, monitor, HP, SN. 3CQ15103KY",PHASE I& II,GROUND,DCSS,117,New,Active,
TR118*001315,"Computer, monitor, HP, SN. 3CQ2090XH4",PHASE I& II,GROUND,DFP,112,New,Active,
TR118*000989,"Computer, Monitor, HP, SN. 3CQ2130XXK",PHASE I& II,GROUND,DFP,104,New,Active,
TR118*001805,"Computer, Monitor, HP, SN. 3CQ806182T",PHASE I& II,GROUND,TEEM,136,Good,Active,
TR118*008721,"Computer, Monitor, HP, SN. 3CQ8122YOW",PHASE I& II,GROUND,DCSS,COMMUNITY PHARMACY WAITING AREA,Fair,Active,
TR118*008723,"Computer, Monitor, HP, SN. 3CQ815ORK9",PHASE I& II,GROUND,DCSS,COMMUNITY PHARMACY WAITING AREA,Fair,Active,
TR118*000991,"Computer, Monitor, HP, SN. 3CQ9162F1Q",PHASE I& II,GROUND,DFP,104,New,Active,
TR118*008839,"Computer, Monitor, HP, SN. CN41484MPH",CONTAINER,GROUND FLOOR,DNS,SOCIAL WALFARE,Very Good,Active,
TR118*008827,"Computer, Monitor, HP, SN. CN42480LLS",CONTAINER,FIRST FROOL,DNS,SOCIAL WALFARE,New,Active,
MOI/DISP/ME/741,"COMPUTER, MONITOR, HP, SN. CN45040312",,,,,,Active,
TR118*001088,"Computer, Monitor, HP, SN. CNK325099G",PHASE I& II,GROUND,DCSS,Community Pharmacy,New,Active,
TR118*001001,"Computer, Monitor, HP, SN.3CQ2500786",PHASE I& II,GROUND,DFP,105,New,Active,
TR118*000996,"Computer, Monitor, HP, SN.3CQ25007BV",PHASE I& II,GROUND,DFP,105,New,Active,
TR118*000269,"Computer, Monitor, HP, SN: 3CQ2130X7Z",MOI PHASE I &II,FIRST FLOOR,FINANCE,PAYROLL,GOOD,Active,
TR118*000157,"Computer, Monitor, HP, SN: 3CQ2500610",MOI PHASE I &II,FIRST FLOOR,HR,240 DOCROR'S SECRETARY,GOOD,Active,
TR118*000120,"Computer, Monitor, HP, SN: 3CQ2500716",MOI PHASE I &II,FIRST FLOOR,INTERNAL AUDIT,INTERNAL AUDIT OFFICE,NEW,Active,
TR118*000061,"Computer, Monitor, HP, SN: 3CQ8300V3F",MOI PHASE I &II,FIRST FLOOR,PHYSIO,CONSULTATION ROOM 8,GOOD,Active,
TR118*000079,"Computer, Monitor, HP, SN: 3CQ830203C",MOI PHASE I &II,FIRST FLOOR,PHYSIO,CONSULTATION ROOM 9,GOOD,Active,
TR118*000191,"Computer, Monitor, HP, SN: 41484KB2",MOI PHASE I &II,FIRST FLOOR,PROCUREMENT UNIT,239 PROCUREMENT MNGT UNIT,GOOD,Active,
TR118*000347,"Computer, Monitor, HP, SN: 6CM8151LP3",MOI PHASE I &II,FIRST FLOOR,DNE,NEOUROSUGERY ROOM 209,GOOD,Active,
TR118*000142,"Computer, Monitor, HP, SN: CNC1211KKK",MOI PHASE I &II,FIRST FLOOR,PMU,PMU MANAGER OFFICE,GOOD,Active,
TR118*000214,"Computer, MONITOR, HP, SN: CNC1510Z2L",MOI PHASE I &II,FIRST FLOOR,PROCUREMENT UNIT,239 PROCUREMENT MNGT UNIT,NEW,Active,
TR118*000216,"Computer, Monitor, HP, SN: CNC32903ZW",MOI PHASE I &II,FIRST FLOOR,PROCUREMENT UNIT,239 PROCUREMENT MNGT UNIT,GOOD,Active,
TR118*000051,"Computer, Monitor, HP, SN: CNK341157YT",MOI PHASE I &II,FIRST FLOOR,PHYSIO,PHYSIOTHERARY GYMNASIUM,NEW,Active,
TR118*000211,"Computer, Monitor, HP, SN:CR93113YY",MOI PHASE I &II,FIRST FLOOR,PROCUREMENT UNIT,239 PROCUREMENT MNGT UNIT,GOOD,Active,
MOI/DISP/ME/739,"COMPUTER, MONITOR, HP, V197",,,,,,Active,
TR118*001328,"Computer, Monitor, HP. SN CNC82609XJ",PHASE I& II,GROUND,ED,112,Very Good,Active,
TR118*001936,"Computer, Monitor, HP. SN CNK3240D4H",PHASE I& II,GROUND,DCSS,OT Pharmacy,V.Good,Active,
MOI/DISP/ME/740,"COMPUTER, MONITOR, LENOVO, SN. 4ML1253E250749",,,,,,Active,
TR118*002320,"COMPUTER, MONITOR,DELL",PHASE III,1 FLOOR ,LAB,LABORATORY STORE,GOOD,Active,
TR118*002321,"COMPUTER, MONITOR,DELL",PHASE III,1 FLOOR ,LAB,CLINICAL CHEMISTRY,GOOD,Active,
TR118*002214,"COMPUTER, MONITOR,HP",PHASE III,2 FLOOR,2A,CUBE 2,FAIR,Active,
TR118*008312,"COMPUTER, MONITOR,HP",PHASE III,BASEMENT,SUPPLIES UNIT OFFICE NO 2,SUPPLIES UNIT OFFICE NO 2,GOOD,Active,
TR118*002351,"COMPUTER, MONITOR,Thinkvision",PHASE III,1 FLOOR ,LAB,BLOOD TRANSFUSSION,GOOD,Active,
TR118*001170,"Computer, Monotor, HP, SN 3CQ2130XXS",PHASE I& II,GROUND,DNS,110,Very Good,Active,
TR118*GAMIS12,"COMPUTER, -TALLY SERVER 50 USERS",MOI PHASE I &II,FIRST FLOOR,DAHRM,DAHRM OFFICE,GOOD,Active,
TR118*000379,"Computer,CPU & Monitor, Lenovo Neo, core i7, SN: 7716228000007",MOI PHASE I &II,FIRST FLOOR,DOT,DOCTOR'S ROOM TEAM T ,NEW,Active,
TR118*000394,"Computer,CPU & Monitor, Lenovo Neo, core i7, SN: 7716228000019",MOI PHASE I &II,FIRST FLOOR,DNE,DOCTOR'S ROOM NEUROSURGERY,NEW,Active,
TR118*000395,"Computer,CPU & Monitor, Lenovo Neo, core i7, SN: 7716228000023",MOI PHASE I &II,FIRST FLOOR,DNE,DOCTOR'S ROOM NEUROSURGERY,GOOD,Active,
TR118*000371,"Computer,CPU & Monitor, Lenovo Neo, core i7, SN: 7716228000025",MOI PHASE I &II,FIRST FLOOR,DOT,DOCTOR'S ROOM TEAM A,NEW,Active,
TR118*000370,"Computer,CPU & Monitor, Lenovo Neo, core i7, SN: 7716228000031",MOI PHASE I &II,FIRST FLOOR,DOT,DOCTOR'S ROOM TEAM A,NEW,Active,
TR118*000378,"Computer,CPU & Monitor, Lenovo Neo, core i7, SN: 7716228000035",MOI PHASE I &II,FIRST FLOOR,DOT,DOCTOR'S ROOM TEAM T ,NEW,Active,
TR118*006506,"COMPUTER,CPU (HP,Core i5 6600 CPU @3.30GHz)",PHASE III,GROUND,RADIOLOGY,MRI NO.2,GOOD,Active,
TR118*GAMIS263,"COMPUTER,CPU AND CAMERA FOR BIOMETRIC",MOI PHASE I &II,FIRST FLOOR,DAHRM,DAHRM OFFICE,GOOD,Active,
TR118*006963,"COMPUTER,CPU DELL(Intel® Core i7-10700 @2.90GHz)",PHASE III,GROUND,EMD,EMD COMMUNITY PHARMACY,GOOD,Active,
TR118*002934,"COMPUTER,CPU HP ",PHASE III,GROUND,RADIOLOGY,MRI ROOM 1,NEW,Active,
TR118*002874,"COMPUTER,CPU HP Compaq Pro 6300 SFF,corei3-3220",PHASE III,1 FLOOR ,ICU,ICU ROOM 1,GOOD,Active,
TR118*0066662,"COMPUTER,CPU HP S/N 4CE0181814F",PHASE III,BASEMENT,TECHNICAL SERVICE DEPT,OFFICE 1,GOOD,Active,
TR118*007225,"COMPUTER,CPU HP SN 4CE7463R5Q",PHASE III,BASEMENT,TECHNICAL SERVICE DEPT,OFFICE 3,GOOD,Active,
TR118*008532,"COMPUTER,CPU HP, PRO TOWER ,290 G9 DESKTOP PC,CORE ™i7",PHASE III,BASEMENT,LAUNDRY,LAUNDRY,NEW,Active,
TR118*007132,"COMPUTER,CPU(DELL Optiplex 3020,Corei3-4150)",PHASE III,BASEMENT,PHARMACY STORE,PHARMACY STORE,GOOD,Active,
TR118*007130,"COMPUTER,CPU(DELL)",PHASE III,BASEMENT,PHARMACY STORE,PHARMACY STORE,GOOD,Active,
TR118*007259,"COMPUTER,CPU(HP 290 G4 Microtower,Core i7-10700)",PHASE III,GROUND,EMD,EMERGENCY RECEPTION,GOOD,Active,
TR118*007270,"COMPUTER,CPU(HP Pro Tower 290 G9,Desktop PC)",PHASE III,GROUND,EMD,EMERGENCY CASHIER,NEW,Active,
TR118*002710,"COMPUTER,CPU(HP ProDesk 400 G5 MT,Core i5",PHASE III,1 FLOOR ,ICU,ICU ROOM 2,GOOD,Active,
TR118*002478,"COMPUTER,CPU(HP ProDesk 400 G5 MT,corei7-12700)",PHASE III,1 FLOOR ,HDU,CUBE 2,GOOD,Active,
MOI/DISP/EO/0618,"Computer,CPU,  LENOVO H520P",,,,,,Active,
MOI/DISP/EO/0616,"Computer,CPU, ACER, VERYTONE M290",,,,,,Active,
MOI/DISP/EO/0538,"Computer,CPU, DELL DIMENSION 3000",,,,,,Active,
TR1118*006415,"COMPUTER,CPU, DELL OPTIPLEX 5050, SN :1PKQMK2",MOI PHASE III,7 floor ,DCSS,"LEVEL7,RADIOLOGISTS OFFICE",VERY GOOD,Active,
MOI/DISP/EO/0617,"Computer,CPU, DELL OPTIPLEX 9020",,,,,,Active,
MOI/DISP/EO/0531,"Computer,CPU, DELL optplex 3010",MOI PHASE III,GROUND,STORE,STORE,POOR,Active,
MOI/DISP/EO/0530,"Computer,CPU, DELL optplex 3010",MOI PHASE III,GROUND,STORE,STORE,POOR,Active,
MOI/DISP/EO/0519,"Computer,CPU, DELL optplex 3010",,,,,,Active,
MOI/DISP/EO/0537,"Computer,CPU, DELL optplex 3020",,,,,,Active,
MOI/DISP/EO/0515,"Computer,CPU, Dell optplex 3020",,,,,,Active,
MOI/DISP/EO/0514,"Computer,CPU, Dell optplex 3046",MOI PHASE III,GROUND,STORE,STORE,POOR,Active,
MOI/DISP/EO/0613,"Computer,CPU, DELL OPTPLEX 3046",,,,,,Active,
MOI/DISP/EO/0523,"Computer,CPU, DELL optplex 380",,,,,,Active,
MOI/DISP/EO/0557,"Computer,CPU, DELL optplex 380",,,,,,Active,
MOI/DISP/EO/0534,"Computer,CPU, DELL optplex 5050",MOI PHASE III,GROUND,STORE,STORE,POOR,Active,
MOI/DISP/EO/0552,"Computer,CPU, DELL optplex 5050",MOI PHASE III,GROUND,STORE,STORE,POOR,Active,
MOI/DISP/EO/0540,"Computer,CPU, DELL optplex 5050",,,,,,Active,
MOI/DISP/EO/0553,"Computer,CPU, DELL optplex 780",MOI PHASE III,GROUND,STORE,STORE,POOR,Active,
MOI/DISP/EO/0536,"Computer,CPU, DELL optplex 780",MOI PHASE III,GROUND,STORE,STORE,POOR,Active,
MOI/DISP/EO/0555,"Computer,CPU, DELL optplex 780",,,,,,Active,
MOI/DISP/EO/0556,"Computer,CPU, DELL optplex 780",,,,,,Active,
MOI/DISP/EO/0517,"Computer,CPU, DELL optplex 9020",,,,,,Active,
MOI/DISP/EO/0558,"Computer,CPU, DELL optplex 9020",,,,,,Active,
MOI/DISP/EO/0520,"Computer,CPU, DELL optplex 9020",,,,,,Active,
MOI/DISP/EO/0526,"Computer,CPU, DELL optplex 9020",,,,,,Active,
MOI/DISP/EO/0521,"Computer,CPU, DELL optplex 9021",,,,,,Active,
MOI/DISP/EO/0518,"Computer,CPU, DELL optplex 9021",,,,,,Active,
MOI/DISP/EO/0554,"Computer,CPU, DELL optplex GX 240",MOI PHASE III,GROUND,STORE,STORE,POOR,Active,
TR118*006677,"COMPUTER,CPU, DELL S/N 15YQY42",PHASE III,BASEMENT,STORE,SUPPLIES UNIT 3,GOOD,Active,
TR118*006675,"COMPUTER,CPU, DELL S/N 6X4MYXI",PHASE III,BASEMENT,STORE,SUPPLIES UNIT 3,GOOD,Active,
TR118*006781,"COMPUTER,CPU, DELL SN ",PHASE III,BASEMENT,STORE,SUPPLIES UNIT/GENERAL STORE,GOOD ,Active,
TR1118*006433,"COMPUTER,CPU, DELL, MODEL NO : D18M",MOI PHASE III,7 floor ,DCSS,"LEVEL7,RADIOLOGISTS OFFICE",VERY GOOD,Active,
TR1118*007513,"COMPUTER,CPU, DELL, SN :",MOI PHASE III,6 floor,DCSS,"LEVEL 6, NHIF OFFICE SUBMISSION",GOOD,Active,
TR118*006087,"COMPUTER,CPU, DELL, SN : JFYFV42",MOI PHASE III,5 floor,ICTM,ICT OFFICE II,GOOD,Active,
TR118*003422,"COMPUTER,CPU, DELL,SN:9K4KYX1",MOI PHASE III,4 floor,CLINICAL RESEARCH,"CLINICAL RESEARCH, ",GOOD,Active,
TR118*007184,"COMPUTER,CPU, HP",PHASE III,BASEMENT,TECHNICAL SERVICE DEPT,WORKSHOP,GOOD,Active,
TR118*006801,"COMPUTER,CPU, HP ",PHASE III,BASEMENT,STORE,SUPPLIES UNIT NO 1,GOOD ,Active,
TR118*006679,"COMPUTER,CPU, HP ",PHASE III,BASEMENT,STORE,SUPPLIES UNIT 3,GOOD,Active,
TR118*008534,"COMPUTER,CPU, HP ,PRO TOWER, 290 G9 DESKTOP PC,CORE ™i7",PHASE III,BASEMENT,LAUNDRY,LAUNDRY,NEW,Active,
TR118*008026,"Computer,CPU, HP ,Prodesk,400 G5 MT,SN:CZC847H79",MOI PHASE I &II,FIRST FLOOR,PHYSIO,ROOM 3,GOOD,Active,
MOI/DISP/EO/0532,"Computer,CPU, HP 290 G4",MOI PHASE III,GROUND,STORE,STORE,POOR,Active,
TR118*0066779,"COMPUTER,CPU, HP 8CGaa23BS2G ",PHASE III,BASEMENT,STORE,SUPPLIES UNIT/GENERAL STORE,GOOD ,Active,
MOI/DISP/EO/0525,"Computer,CPU, HP ellitedesk",,,,,,Active,
MOI/DISP/EO/0529,"Computer,CPU, HP Ellitedesk 900 G1",,,,,,Active,
MOI/DISP/EO/0524,"Computer,CPU, HP Pro",,,,,,Active,
MOI/DISP/EO/0513,"Computer,CPU, HP Pro",,,,,,Active,
MOI/DISP/EO/0527,"Computer,CPU, HP Pro",MOI PHASE III,GROUND,STORE,STORE,POOR,Active,
MOI/DISP/EO/0516,"Computer,CPU, HP Pro",,,,,,Active,
MOI/DISP/EO/0551,"Computer,CPU, HP Pro 3400",,,,,,Active,
MOI/DISP/EO/0533,"Computer,CPU, HP Pro Desk 600 G1",MOI PHASE III,GROUND,STORE,STORE,POOR,Active,
MOI/DISP/EO/0528,"Computer,CPU, HP Pro Desk 600 G1",MOI PHASE III,GROUND,STORE,STORE,POOR,Active,
TR1118*006436,"COMPUTER,CPU, HP PRO MICROTOWER, SN : 4C92618V5",MOI PHASE III,7 floor ,DCSS,"LEVEL7,RADIOLOGISTS OFFICE",VERY GOOD,Active,
TR1118*006432,"COMPUTER,CPU, HP PRODESK 400 G5, SN : 4CE8482QBD",MOI PHASE III,7 floor ,DCSS,"LEVEL7,RADIOLOGISTS OFFICE",VERY GOOD,Active,
TR1118*006421,"COMPUTER,CPU, HP PRODESK 400 G5, SN: 4CE8482QC1",MOI PHASE III,7 floor ,DCSS,"LEVEL7,RADIOLOGISTS OFFICE",VERY GOOD,Active,
MOI/DISP/EO/0522,"Computer,CPU, HP RP5700",,,,,,Active,
TR118*006803,"COMPUTER,CPU, HP SERIAL NO.8CG093971CH",PHASE III,BASEMENT,STORE,SUPPLIES UNIT NO 1,GOOD ,Active,
TR118*0066777,"COMPUTER,CPU, HP SN 4CE213CD63",PHASE III,BASEMENT,STORE,SUPPLIES UNIT/GENERAL STORE,GOOD ,Active,
TR118*006788,"COMPUTER,CPU, HP SR 4CE215DWCX",PHASE III,BASEMENT,STORE,SUPPLIES UNIT NO 2,GOOD ,Active,
TR1118*006425,"COMPUTER,CPU, HP XW4600 WORKSTATION, SN: CAC811049T",MOI PHASE III,7 floor ,DCSS,"LEVEL7,RADIOLOGISTS OFFICE",VERY GOOD,Active,
TR118*006996,"COMPUTER,CPU, HP, 290 G1 MT, corei5-7500",PHASE III,GROUND,EMD,CONSULATION ROOM VIP,GOOD,Active,
TR118*0066673,"COMPUTER,CPU, HP, INTEL CORE i5",PHASE III,BASEMENT,STORE,SUPPLIES UNIT 3,GOOD,Active,
TR118*005498,"Computer,CPU, HP, Prodesk, 400 G5 Intel,Core i5,SN: CZC8477CPK",MOI PHASE I &II,FIRST FLOOR,PHYSIO,ROOM 12,GOOD,Active,
TR118*008047,"Computer,CPU, HP, Prodesk, 400G5 MT CORE Itel,i5,SN:CZC84773JQ",MOI PHASE I &II,FIRST FLOOR,PHYSIO,ROOM 5,GOOD,Active,
TR1118*007505,"COMPUTER,CPU, HP, SN : 2B1VY42",MOI PHASE III,6 floor,DCSS,"LEVEL 6, NHIF OFFICE SUBMISSION",GOOD,Active,
TR118*006091,"COMPUTER,CPU, HP, SN : 4CE0192TJH",MOI PHASE III,5 floor,ICTM,ICT OFFICE II,GOOD,Active,
TR1118*007534,"COMPUTER,CPU, HP, SN : 4CE150CHM3",MOI PHASE III,6 floor,DCSS,"LEVEL 6, VIP PHYSIOTHERAPHY",VERY GOOD,Active,
TR1118*007525,"COMPUTER,CPU, HP, SN : 4CE251C8HM",MOI PHASE III,6 floor,DCSS,"LEVEL 6, NHIF OFFICE SUBMISSION",VERY GOOD,Active,
TR118*006038,"COMPUTER,CPU, HP, SN : 4CE307B2TW",MOI PHASE III,5 floor,DNS,"CUBIC 2,WARD 5B",GOOD,Active,
TR1118*006429,"COMPUTER,CPU, HP, SN : 4CE8114QR7",MOI PHASE III,7 floor ,DCSS,"LEVEL7,RADIOLOGISTS OFFICE",VERY GOOD,Active,
TR118*006090,"COMPUTER,CPU, HP, SN : 4CE8181PWX",MOI PHASE III,5 floor,ICTM,ICT OFFICE II,GOOD,Active,
TR1118*007507,"COMPUTER,CPU, HP, SN : 5GH439R5PV",MOI PHASE III,6 floor,DCSS,"LEVEL 6, NHIF OFFICE SUBMISSION",GOOD,Active,
TR1118*007519,"COMPUTER,CPU, HP, SN : CZC6167P9N",MOI PHASE III,6 floor,DCSS,"LEVEL 6, NHIF OFFICE SUBMISSION",GOOD,Active,
TR1118*006447,"COMPUTER,CPU, HP, SN : CZC910CTGF",MOI PHASE III,7 floor ,DCSS,"LEVEL7,RADIOLOGISTS OFFICE",VERY GOOD,Active,
TR1118*007512,"COMPUTER,CPU, HP, SN : OCE8181PWK",MOI PHASE III,6 floor,DCSS,"LEVEL 6, NHIF OFFICE SUBMISSION",GOOD,Active,
TR118*003311,"COMPUTER,CPU, HP, SN :4C307B2W7",MOI PHASE III,3 floor,DNS,DNS OFFICE,NEW,Active,
TR118*003410,"COMPUTER,CPU, HP, SN :4CE312DSWR",MOI PHASE III,4 floor,CLINICAL RESEARCH,"CLINICAL RESEARCH, ",NEW,Active,
TR118*000970,"Computer,CPU, HP, SN. 4CE12111RDS",PHASE I& II,GROUND,ADMN,102,Fair,Active,
TR118*003416,"COMPUTER,CPU, HP, SN: 4CE151DXPD",MOI PHASE III,4 floor,CLINICAL RESEARCH,"CLINICAL RESEARCH, ",NEW,Active,
TR118*003414,"COMPUTER,CPU, HP, SN: 4CE312F28V",MOI PHASE III,4 floor,CLINICAL RESEARCH,"CLINICAL RESEARCH, ",NEW,Active,
TR118*003418,"COMPUTER,CPU, HP, SN: 4CE8181TZW",MOI PHASE III,4 floor,CLINICAL RESEARCH,"CLINICAL RESEARCH, ",GOOD,Active,
TR118*003412,"COMPUTER,CPU, HP, SN: 4CE946281K",MOI PHASE III,4 floor,CLINICAL RESEARCH,"CLINICAL RESEARCH, ",VERY GOOD,Active,
TR1118*006446,"COMPUTER,CPU, HP, SN: CZC910CTXH",MOI PHASE III,7 floor ,DCSS,"LEVEL7,RADIOLOGISTS OFFICE",VERY GOOD,Active,
TR118*003426,"COMPUTER,CPU, HP, SN:4C15151DQZK",MOI PHASE III,4 floor,CLINICAL RESEARCH,"CLINICAL RESEARCH, ",NEW,Active,
TR118*003293,"COMPUTER,CPU, HP, SN:4CE307B2TX",MOI PHASE III,3 floor,DNS,"DNS OFFICE, NURSING MANAGERS",NEW,Active,
TR118*003292,"COMPUTER,CPU, HP, SN:4CE307B2W1",MOI PHASE III,3 floor,DNS,"DNS OFFICE, NURSING MANAGERS",NEW,Active,
TR118*003295,"COMPUTER,CPU, HP, SN:4CE307B2WQ",MOI PHASE III,3 floor,DNS,"DNS OFFICE, SECRETARY",GOOD,Active,
TR118*003296,"COMPUTER,CPU, HP, SN:UPA4060QLS",MOI PHASE III,3 floor,DNS,"DNS OFFICE, SECRETARY",NEW,Active,
MOI/DISP/EO/0512,"Computer,CPU, lenovo",,,,,,Active,
MOI/DISP/EO/0539,"Computer,CPU, lenovo",,,,,,Active,
MOI/DISP/EO/0614,"Computer,CPU, LENOVO H520E",,,,,,Active,
TR118*006251,"COMPUTER,CPU, LENOVO, SN : GM04WP8J",MOI PHASE III,6 floor,DNS,"LEVEL 6A, NURSING STATION",NEW,Active,
TR118*006089,"COMPUTER,CPU, LENOVO, SN : GM04WP8M",MOI PHASE III,5 floor,ICTM,ICT OFFICE II,NEW,Active,
TR118*008065,"Computer,CPU, Prodesk, I 400G5, Intel, Core i5, SN:CZC84773JB",MOI PHASE I &II,FIRST FLOOR,PHYSIO,ROOM 6,GOOD,Active,
TR118*002789,"COMPUTER,CPU,Dell OptiPlex 3040,core i5-6500",PHASE III,1 FLOOR ,ICU,ICU ROOM 3,GOOD,Active,
MOI/DISP/EO/0637,"Computer,CPU,DELL OPTPLEX 3010",,,,,,Active,
MOI/DISP/EO/0639,"Computer,CPU,DELL OPTPLEX 3020",MOI PHASE III,GROUND,STORE,STORE,POOR,Active,
MOI/DISP/EO/0635,"Computer,CPU,DELL OPTPLEX 780",MOI PHASE III,GROUND,STORE,STORE,POOR,Active,
MOI/DISP/EO/0633,"Computer,CPU,DELL OPTPLEX 9020",MOI PHASE III,GROUND,STORE,STORE,POOR,Active,
MOI/DISP/EO/0634,"Computer,CPU,DELL OPTPLEX 9020",,,,,,Active,
TR118*003151,"COMPUTER,CPU,DELL, SN:J06GV42",MOI PHASE III,3 floor,DFP,BILLING OFFICE,GOOD,Active,
TR118*006156,"COMPUTER,CPU,DELL,SN:4VYQY42",MOI PHASE III,5 floor,ICTM,"SERVER ROOM, LEVEL 5",VERY GOOD,Active,
TR118*006122,"COMPUTER,CPU,DELL,SN:D5K9903",MOI PHASE III,5 floor,ICTM,ICT MANAGER,GOOD,Active,
TR118*006107,"COMPUTER,CPU,DELL,SN:GHZJV42",MOI PHASE III,5 floor,ICTM,ICT MANAGER,GOOD,Active,
TR118*007053,"COMPUTER,CPU,HP 290 G1 MT,corei5-7500",PHASE III,GROUND,EMD,EMERGENCE THEATER,GOOD,Active,
TR118*007272,"COMPUTER,CPU,HP 290 G4 Microtower Pc",PHASE III,GROUND,EMD,EMERGENCY CASHIER,GOOD,Active,
TR118*007300,"COMPUTER,CPU,HP 290 G4 Microtower PC",PHASE III,GROUND,EMD,EMERGENCY,GOOD,Active,
TR118*007311,"COMPUTER,CPU,HP 290 G4 Microtower PC",PHASE III,GROUND,EMD,EMERGENCY,GOOD,Active,
TR118*007297,"COMPUTER,CPU,HP 290 G4 Microtower PC",PHASE III,GROUND,EMD,EMERGENCY,GOOD,Active,
MOI/DISP/EO/0638,"computer,CPU,HP COMPACT",,,,,,Active,
TR118*007446,"COMPUTER,CPU,HP Compaq 4000 Pro SFF PC",PHASE III,GROUND,EMD,MOI CLIENT LOUNGE,GOOD,Active,
MOI/DISP/EO/0636,"Computer,CPU,HP PRODESK 600G1SFF",,,,,,Active,
TR118*003001,"COMPUTER,CPU,HP, SN:",MOI PHASE III,3 floor,DNS,CUBIC 1,VERY GOOD,Active,
TR118*003030,"COMPUTER,CPU,HP, SN: 4CE251C6KJ",MOI PHASE III,3 floor,DNS,CUBIC 2,VERY GOOD,Active,
TR118*003421,"COMPUTER,CPU,HP, SN: 4CE251C6ZQ",MOI PHASE III,4 floor,CLINICAL RESEARCH,"CLINICAL RESEARCH, ",NEW,Active,
TR118*003149,"COMPUTER,CPU,HP, SN:4CE251C70W",MOI PHASE III,3 floor,DFP,BILLING OFFICE,NEW,Active,
TR118*003146,"COMPUTER,CPU,HP, SN:8CG8505LJP",MOI PHASE III,3 floor,DFP,BILLING OFFICE,VERY GOOD,Active,
TR118*003157,"COMPUTER,CPU,HP, SN:SGH429T0CB",MOI PHASE III,3 floor,DFP,BILLING OFFICE,GOOD,Active,
TR118*008011,"Computer,CPU,HP,Intel,core i5 SN:CZC88776PF",MOI PHASE I &II,FIRST FLOOR,PHYSIO,ROOM 10,GOOD,Active,
TR118*005478,"Computer,CPU,HP,Prodesk, 400 G5 Intel,Core i5,SN: CZC8477CQ3",MOI PHASE I &II,FIRST FLOOR,PHYSIO,PREMIER 2,GOOD,Active,
TR118*005460,"Computer,CPU,HP,Prodesk,400 G5,Intel,Core i5,SN: CZC8477H6B",MOI PHASE I &II,FIRST FLOOR,PHYSIO,PREMIER 1,GOOD,Active,
TR118*005488,"Computer,CPU,HP,Prodesk,400G5 Intel,Core i5,SN: CZC84773JH",MOI PHASE I &II,FIRST FLOOR,PHYSIO,ROOM 1,GOOD,Active,
TR118*008035,"Computer,CPU,HP,Prodesk,400G5 MT,SN:CZC84773AM8",MOI PHASE I &II,FIRST FLOOR,PHYSIO,ROOM 7,GOOD,Active,
TR118*003409,"COMPUTER,CPU,HP,SN : 4CE312DGJC",MOI PHASE III,4 floor,CLINICAL RESEARCH,"CLINICAL RESEARCH, ",NEW,Active,
TR118*003428,"COMPUTER,CPU,HP,SN:4C312DSWK",MOI PHASE III,4 floor,CLINICAL RESEARCH,"CLINICAL RESEARCH, ",NEW,Active,
TR118*006155,"COMPUTER,CPU,HP,SN:4CE11718DG9",MOI PHASE III,5 floor,ICTM,"SERVER ROOM, LEVEL 5",VERY GOOD,Active,
TR118*006157,"COMPUTER,CPU,HP,SN:4CE130YJ5K",MOI PHASE III,5 floor,ICTM,"SERVER ROOM, LEVEL 5",VERY GOOD,Active,
TR1118*007798,"COMPUTER,CPU,HP,SN:4CE344DN6H",MOI PHASE I,GROUND FLOOR,DCSS,MCP NHIF,NEW,Active,
TR1118*007792,"COMPUTER,CPU,HP,SN:4CE344DN6K",MOI PHASE III,GROUND FLOOR,DCSS,EMERGENCY MCP,NEW,Active,
TR1118*007794,"COMPUTER,CPU,HP,SN:4CE344DN6M",MOI PHASE I,GROUND FLOOR,DCSS,MCP NHIF,NEW,Active,
TR1118*007796,"COMPUTER,CPU,HP,SN:4CE344DN6W",MOI PHASE I,GROUND FLOOR,DCSS,MCP IMPLANT,NEW,Active,
TR1118*007790,"COMPUTER,CPU,HP,SN:4CE344DN75",MOI PHASE I,GROUND FLOOR,DCSS,OT PHARMACY,NEW,Active,
TR1118*007739,"COMPUTER,CPU,HP,SN:4CE344DN95",MOI PHASE III,6 floor,DNS,"LEVEL6,NHIF SUBMISSION OFFICE",NEW,Active,
TR118*003154,"COMPUTER,CPU,HP,SN:8CG8505LJY",MOI PHASE III,3 floor,DFP,BILLING OFFICE,GOOD,Active,
TR118*003762,"COMPUTER,CPU,HP,SN:C4CE214BF93",MOI PHASE III,5 floor,DNS,"WARD 5A,INCHARGE OFFICE",VERY GOOD,Active,
TR118*003340,"COMPUTER,CPU,HP,SN:CMIIT ID:2017AJ2172",MOI PHASE III,3 floor,DNS,"CUBIC 2,3B",VERY GOOD,Active,
TR1118*006372,"COMPUTER,CPU,HP,SN:CZC023945V",MOI PHASE III,6 floor,DNS,"LEVEL 6B,NURSING STATION",GOOD,Active,
TR118*006153,"COMPUTER,CPU,HP,SN:CZC85079TM",MOI PHASE III,5 floor,ICTM,"SERVER ROOM, LEVEL 5",VERY GOOD,Active,
TR118*003517,"COMPUTER,CPU,HP,SN:CZC8507BOV",MOI PHASE III,4 floor,DNS,"WARD 4A, CUBIC 1",GOOD,Active,
TR118*003685,"COMPUTER,CPU,HP,SN:CZC93593R0",MOI PHASE III,4 floor,DNS,"CUBIC 2,WARD 4B",VERY GOOD,Active,
TR118*003239,"COMPUTER,CPU,HP,SN:SGH429SVTK",MOI PHASE III,3 floor,DNS,"CUBIC 1,3B",GOOD,Active,
TR118*006955,"COMPUTER,CPU,Intel® Core™ i5-6500 @3.20GHz",PHASE III,GROUND,EMD,SOCIAL,GOOD,Active,
TR118*002352,"COMPUTER,CPU,LENOVO corei7-12700",PHASE III,1 FLOOR ,LAB,BLOOD TRANSFUSSION,GOOD,Active,
TR118*006187,"COMPUTER,CPU,LENOVO,SN:GM04WP86",MOI PHASE III,5 floor,ICTM,"MAIN OFFICE,LEVEL 5",GOOD,Active,
TR118*006182,"COMPUTER,CPU,LENOVO,SN:GM050A55",MOI PHASE III,5 floor,ICTM,"MAIN OFFICE,LEVEL 20",GOOD,Active,
TR118*007494,"COMPUTER,CPU.HP ProDesk 400 G6 MT",PHASE III,GROUND,EMD,EMERGENCE THEATER INCHARGE OFFICE,GOOD,Active,
TR118*GAMIS476,"COMPUTER,DELL OPTIPLEX 7040 4GB RAM 500 HDD CORE 15",MOI PHASE I &II,FIRST FLOOR,DAHRM,275 HR TRAINING AND ADMINSTR,GOOD,Active,
,"COMPUTER,DESK TOP - DELL OPTIPLEX 7040",MOI PHASE I &II,FIRST FLOOR,DAHRM,DAHRM OFFICE,GOOD,Active,
TR118*GAMIS2,"COMPUTER,DESKTOP CORE I5  PROCESSOR",MOI PHASE I &II,FIRST FLOOR,DAHRM,DAHRM OFFICE,GOOD,Active,
TR118*GAMIS361,"COMPUTER,HP PRINTER LASERJET PRO 402 DN",MOI PHASE I &II,FIRST FLOOR,DAHRM,DAHRM OFFICE,GOOD,Active,
TR118*GAMIS260,"COMPUTER,IBM AND HP WORKSTATIONS",MOI PHASE I &II,FIRST FLOOR,DAHRM,DAHRM OFFICE,GOOD,Active,
TR118*GAMIS261,"COMPUTER,IBM AND HP WORKSTATIONS",MOI PHASE I &II,FIRST FLOOR,DAHRM,DAHRM OFFICE,GOOD,Active,
TR118*GAMIS262,"COMPUTER,IBM AND HP WORKSTATIONS",MOI PHASE I &II,FIRST FLOOR,DAHRM,DAHRM OFFICE,GOOD,Active,
TR118*003289,"COMPUTER,LAPTOP, DELL, SN: 87KZOP2",MOI PHASE III,3 floor,DNS,"DNS OFFICE, NURSING MANAGERS",FAIR,Active,
TR118*003638,"COMPUTER,LAPTOP, DELL, SN:47KZ0P2",MOI PHASE III,4 floor,DNS,"WARD 4B, INCHARGE OFFICE",GOOD,Active,
TR118*006253,"COMPUTER,LAPTOP, LENOVO, SN :MP2KL8ZR",MOI PHASE III,6 floor,DNS,"LEVEL 6A, NURSING STATION",NEW,Active,
TR118*007968,"Computer,Laptop,HP 15-fd0211nia, core i5,G13, SN: 5CD3405LLZ",MOI PHASE I & II,FIRST FLOOR,PMU,239: PMU STAFF OFFICE,NEW,Active,
TR118*GAMIS145,"COMPUTER,LAPTOP,HP ELITE BOOK 850 G3 ENERGY,RAM 4GB PROCESSOR INTEL CORE TM) i7 ",MOI PHASE I &II,FIRST FLOOR,DAHRM,DAHRM OFFICE,GOOD,Active,
TR118*007831,"Computer,Laptop,HP Elitebook 840 G8, SN: 5CG13919CX",MOI PHASE III,4 floor,ICTM,CLINICAL RESEARCH,NEW,Active,
TR118*007852,"Computer,Laptop,HP Elitebook x360 1040 G8,SN:CND30518GZ",MOI PHASE I & II,GROUND FLOOR,DCSS,ANAETHESIA(THEATRE),NEW,Active,
TR118*006183,"COMPUTER,LAPTOP,HP PRO BOOK",MOI PHASE III,5 floor,ICTM,"MAIN OFFICE,LEVEL 21",GOOD,Active,
MOI/DISP/OE/0801,"Computer,Laptop,HP Probook 450 G3, SN:5CD6310DKD",MOI PHASE III,2 Floor,DNS,2A,,Active,
TR118*007834,"Computer,Laptop,HP Victus 15-fa0032dx,SN:5CD241BB8H",MOI PHASE III,5 floor,ICTM,ICTM,VERY GOOD,Active,
TR118*005417,"COMPUTER,Laptop,HP,Envy, X360 15-EW0797NN,Intel, Core, i7,SN: CND2310TP9",MOI PHASE I &II,FIRST FLOOR,PMU,PMU MANAGER,NEW,Active,
TR1118*007801,"COMPUTER,LAPTOP,HP,PROBOOK,SN:5CD347F270",MOI PHASE III,BASEMENT,DCSS,GENERAL PHARMACY STORE,NEW,Active,
TR1118*007800,"COMPUTER,LAPTOP,HP,PROBOOK,SN:5CD347F27V",MOI PHASE I,GROUND FLOOR,DCSS,MCP STORE,NEW,Active,
TR1118*007799,"COMPUTER,LAPTOP,HP,PROBOOK,SN:5CD347F295",MOI PHASE III,3 floor,DCSS,HEAD OF PHARMACY,NEW,Active,
TR118*006113,"COMPUTER,LENOVO AIO M90,SN:GMODMS54",MOI PHASE III,5 floor,ICTM,ICT MANAGER,NEW,Active,
TR118*006179,"COMPUTER,LENOVO AIO M90,SN:IS10F2001KAXPC0AGH65",MOI PHASE III,5 floor,ICTM,"MAIN OFFICE,LEVEL 17",VERY GOOD,Active,
TR118*006995,"COMPUTER,MONITOR ,HP",PHASE III,GROUND,EMD,CONSULATION ROOM VIP,GOOD,Active,
TR118*007052,"COMPUTER,MONITOR ,HP",PHASE III,GROUND,EMD,EMERGENCE THEATER,FAIR,Active,
TR118*006736,"COMPUTER,MONITOR ,HP ,SERIAL NA. CN7440JFV",PHASE III,BASEMENT,STORE,SUPPLIES UNIT/GENERAL STORE,GOOD,Active,
TR118*002788,"COMPUTER,MONITOR DELL",PHASE III,1 FLOOR ,ICU,ICU ROOM 3,GOOD,Active,
TR118*002873,"COMPUTER,MONITOR DELL",PHASE III,1 FLOOR ,ICU,ICU ROOM 1,GOOD,Active,
TR118*002787,"COMPUTER,MONITOR DELL",PHASE III,1 FLOOR ,ICU,ICU ROOM 3,GOOD,Active,
TR118*0066663,"COMPUTER,MONITOR DELL S/N 72492",PHASE III,BASEMENT,TECHNICAL SERVICE DEPT,OFFICE 1,GOOD,Active,
TR118*007271,"COMPUTER,MONITOR HP",PHASE III,GROUND,EMD,EMERGENCY CASHIER,GOOD,Active,
TR118*007493,"COMPUTER,MONITOR HP",PHASE III,GROUND,EMD,EMERGENCE THEATER INCHARGE OFFICE,GOOD,Active,
TR118*002470,"COMPUTER,MONITOR HP",PHASE III,1 FLOOR ,HDU,INCHARGE OFFICE,GOOD,Active,
TR118*002946,"COMPUTER,MONITOR HP",PHASE III,GROUND,RADIOLOGY,ULTRASOUND,GOOD,Active,
TR118*007445,"COMPUTER,MONITOR HP",PHASE III,GROUND,EMD,MOI CLIENT LOUNGE,GOOD,Active,
TR118*002467,"COMPUTER,MONITOR HP",PHASE III,1 FLOOR ,HDU,INCHARGE OFFICE,NEW,Active,
TR118*007299,"COMPUTER,MONITOR HP",PHASE III,GROUND,EMD,EMERGENCY,GOOD,Active,
TR118*007310,"COMPUTER,MONITOR HP",PHASE III,GROUND,EMD,EMERGENCY,GOOD,Active,
TR118*007298,"COMPUTER,MONITOR HP",PHASE III,GROUND,EMD,EMERGENCY,GOOD,Active,
TR118*007258,"COMPUTER,MONITOR HP",PHASE III,GROUND,EMD,EMERGENCY RECEPTION,GOOD,Active,
MOI/DISP/EO/0584,"Computer,MONITOR,  HP LV2011",,,,,,Active,
MOI/DISP/EO/0576,"Computer,MONITOR,  HP V214B",,,,,,Active,
MOI/DISP/EO/0579,"Computer,MONITOR,  WJ1716EI",,,,,,Active,
MOI/DISP/EO/0598,"Computer,MONITOR, ACER V196HQL",,,,,,Active,
TR118*006780,"COMPUTER,MONITOR, DELL  SN 05MG3G",PHASE III,BASEMENT,STORE,SUPPLIES UNIT/GENERAL STORE,GOOD ,Active,
MOI/DISP/EO/0608,"Computer,MONITOR, DELL E11912HC",MOI PHASE III,GROUND,STORE,STORE,POOR,Active,
MOI/DISP/EO/0612,"Computer,MONITOR, DELL E170SB",MOI PHASE III,GROUND,STORE,STORE,POOR,Active,
MOI/DISP/EO/0603,"Computer,MONITOR, DELL E170SB",MOI PHASE III,GROUND,STORE,STORE,POOR,Active,
MOI/DISP/EO/0568,"Computer,MONITOR, DELL E170SB",,,,,,Active,
MOI/DISP/EO/0575,"Computer,MONITOR, DELL E170SB",,,,,,Active,
MOI/DISP/EO/0597,"Computer,MONITOR, DELL E173FPF",,,,,,Active,
MOI/DISP/EO/0595,"Computer,MONITOR, DELL E178WFPC",,,,,,Active,
MOI/DISP/EO/0592,"Computer,MONITOR, DELL E1912HC",MOI PHASE III,GROUND,STORE,STORE,POOR,Active,
MOI/DISP/EO/0605,"Computer,MONITOR, DELL E1912HC",MOI PHASE III,GROUND,STORE,STORE,POOR,Active,
MOI/DISP/EO/0585,"Computer,MONITOR, DELL E1912HC",,,,,,Active,
MOI/DISP/EO/0611,"Computer,MONITOR, DELL E1916H",,,,,,Active,
MOI/DISP/EO/0574,"Computer,MONITOR, DELL E1916HEF",MOI PHASE III,GROUND,STORE,STORE,POOR,Active,
MOI/DISP/EO/0587,"Computer,MONITOR, DELL E1916HEF",MOI PHASE III,GROUND,STORE,STORE,POOR,Active,
MOI/DISP/EO/0564,"Computer,MONITOR, DELL E1916HF",,,,,,Active,
MOI/DISP/EO/0577,"Computer,MONITOR, DELL E1916HPF",,,,,,Active,
MOI/DISP/EO/0586,"Computer,MONITOR, DELL E1916HVF",,,,,,Active,
MOI/DISP/EO/0571,"Computer,MONITOR, DELL E2014HF",,,,,,Active,
MOI/DISP/EO/0601,"Computer,MONITOR, DELL E2014HF",,,,,,Active,
MOI/DISP/EO/0588,"Computer,MONITOR, DELL E2016HV",,,,,,Active,
MOI/DISP/EO/0620,"Computer,MONITOR, DELL P551",,,,,,Active,
TR118*006680,"COMPUTER,MONITOR, DELL,  SN 0M MK 3972872590",PHASE III,BASEMENT,STORE,SUPPLIES UNIT 3,GOOD,Active,
TR1118*007509,"COMPUTER,MONITOR, DELL, CN-0T9Y04-FCC00-74S-CRCB-A00",MOI PHASE III,6 floor,DCSS,"LEVEL 6, NHIF OFFICE SUBMISSION",GOOD,Active,
TR1118*007511,"COMPUTER,MONITOR, DELL, SN : CN-00RDRX-72872-639-AAPD-A00",MOI PHASE III,6 floor,DCSS,"LEVEL 6, NHIF OFFICE SUBMISSION",GOOD,Active,
TR1118*006435,"COMPUTER,MONITOR, DELL, SN : CN-OT9Y04-72872-71J-BPYV-AOO",MOI PHASE III,7 floor ,DCSS,"LEVEL7,RADIOLOGISTS OFFICE",VERY GOOD,Active,
TR118*006678,"COMPUTER,MONITOR, DELL, SN ODFDMI728725AD",PHASE III,BASEMENT,STORE,SUPPLIES UNIT 3,GOOD,Active,
TR118*003413,"COMPUTER,MONITOR, DELL, SN: CN-07CXPR-72872-6CU-D74B-A00",MOI PHASE III,4 floor,CLINICAL RESEARCH,"CLINICAL RESEARCH, ",VERY GOOD,Active,
TR1118*006413,"COMPUTER,MONITOR, DELL, SN-OT9Y04-FCC00-745-74S-ARH8-A00",MOI PHASE III,7 floor ,DCSS,"LEVEL7,RADIOLOGISTS OFFICE",VERY GOOD,Active,
TR1118*006434,"COMPUTER,MONITOR, EIZO, ALL IN ONE, SN : 46512116CIF",MOI PHASE III,7 floor ,DCSS,"LEVEL7,RADIOLOGISTS OFFICE",VERY GOOD,Active,
TR118*006804,"COMPUTER,MONITOR, HP",PHASE III,BASEMENT,STORE,SUPPLIES UNIT NO 1,GOOD ,Active,
TR118*007186,"COMPUTER,MONITOR, HP",PHASE III,BASEMENT,TECHNICAL SERVICE DEPT,WORKSHOP,FAIR,Active,
TR118*008535,"COMPUTER,MONITOR, HP",PHASE III,BASEMENT,LAUNDRY,LAUNDRY,NEW,Active,
TR118*006787,"COMPUTER,MONITOR, HP 3CQ2130X7R",PHASE III,BASEMENT,STORE,SUPPLIES UNIT NO 2,GOOD ,Active,
TR118*0066776,"COMPUTER,MONITOR, HP 9TY24AA/9Y24AS ",PHASE III,BASEMENT,STORE,SUPPLIES UNIT/GENERAL STORE,GOOD ,Active,
MOI/DISP/EO/0566,"Computer,MONITOR, HP E231",,,,,,Active,
MOI/DISP/EO/0619,"Computer,MONITOR, HP L1710",,,,,,Active,
MOI/DISP/EO/0589,"Computer,MONITOR, HP LV2011",,,,,,Active,
MOI/DISP/EO/0610,"Computer,MONITOR, HP LV2011",,,,,,Active,
MOI/DISP/EO/0582,"computer,MONITOR, HP LV2011",MOI PHASE III,GROUND,STORE,STORE,POOR,Active,
MOI/DISP/EO/0581,"Computer,MONITOR, HP P19B G4 WXGA",MOI PHASE III,GROUND,STORE,STORE,POOR,Active,
MOI/DISP/EO/0580,"Computer,MONITOR, HP P19B G4 WXGA",MOI PHASE III,GROUND,STORE,STORE,POOR,Active,
MOI/DISP/EO/0599,"Computer,MONITOR, HP P19B G4 WXGA",,,,,,Active,
MOI/DISP/EO/0563,"Computer,MONITOR, HP P21B G4 FHD",MOI PHASE III,GROUND,STORE,STORE,POOR,Active,
TR118*006778,"COMPUTER,MONITOR, HP SN MC80525VG",PHASE III,BASEMENT,STORE,SUPPLIES UNIT/GENERAL STORE,GOOD ,Active,
TR118*006802,"COMPUTER,MONITOR, HP SNC1211KFC",PHASE III,BASEMENT,STORE,SUPPLIES UNIT NO 1,GOOD ,Active,
MOI/DISP/EO/0593,"Computer,MONITOR, HP V194",MOI PHASE III,GROUND,STORE,STORE,POOR,Active,
MOI/DISP/EO/0569,"Computer,MONITOR, HP V197",,,,,,Active,
MOI/DISP/EO/0565,"Computer,MONITOR, HP V197",MOI PHASE III,GROUND,STORE,STORE,POOR,Active,
MOI/DISP/EO/0573,"Computer,MONITOR, HP V197",MOI PHASE III,GROUND,STORE,STORE,POOR,Active,
MOI/DISP/EO/0606,"Computer,MONITOR, HP V197",,,,,,Active,
MOI/DISP/EO/0572,"Computer,MONITOR, HP V197",,,,,,Active,
MOI/DISP/EO/0594,"Computer,MONITOR, HP V197",,,,,,Active,
MOI/DISP/EO/0602,"Computer,MONITOR, HP V197",,,,,,Active,
MOI/DISP/EO/0607,"Computer,MONITOR, HP V197",,,,,,Active,
MOI/DISP/EO/0609,"Computer,MONITOR, HP V214A",,,,,,Active,
MOI/DISP/EO/0596,"Computer,MONITOR, HP W1972A",,,,,,Active,
TR1118*006417,"COMPUTER,MONITOR, HP, MODEL NO  : HPN246V",MOI PHASE III,7 floor ,DCSS,"LEVEL7,RADIOLOGISTS OFFICE",VERY GOOD,Active,
TR118*006674,"COMPUTER,MONITOR, HP, S/N 1CR1501WQR",PHASE III,BASEMENT,STORE,SUPPLIES UNIT 3,GOOD,Active,
TR1118*007533,"COMPUTER,MONITOR, HP, SN : 1CR2130KRO",MOI PHASE III,6 floor,DCSS,"LEVEL 6, VIP PHYSIOTHERAPHY",VERY GOOD,Active,
TR118*006086,"COMPUTER,MONITOR, HP, SN : 1CR94603T7",MOI PHASE III,5 floor,ICTM,ICT OFFICE II,VERY GOOD,Active,
TR1118*007508,"COMPUTER,MONITOR, HP, SN : 3CQ25005YQ",MOI PHASE III,6 floor,DCSS,"LEVEL 6, NHIF OFFICE SUBMISSION",GOOD,Active,
TR1118*007510,"COMPUTER,MONITOR, HP, SN : 3CQ71915K8",MOI PHASE III,6 floor,DCSS,"LEVEL 6, NHIF OFFICE SUBMISSION",GOOD,Active,
TR1118*006430,"COMPUTER,MONITOR, HP, SN : 3CQ81506K1",MOI PHASE III,7 floor ,DCSS,"LEVEL7,RADIOLOGISTS OFFICE",VERY GOOD,Active,
TR118*003312,"COMPUTER,MONITOR, HP, SN : 42173YKM",MOI PHASE III,3 floor,DNS,DNS OFFICE,NEW,Active,
TR1118*006448,"COMPUTER,MONITOR, HP, SN : 6CM8151LP4",MOI PHASE III,7 floor ,DCSS,"LEVEL7,RADIOLOGISTS OFFICE",VERY GOOD,Active,
TR1118*006437,"COMPUTER,MONITOR, HP, SN : CNC82609XF",MOI PHASE III,7 floor ,DCSS,"LEVEL7,RADIOLOGISTS OFFICE",VERY GOOD,Active,
TR1118*006420,"COMPUTER,MONITOR, HP, SN :1CR94604VD",MOI PHASE III,7 floor ,DCSS,"LEVEL7,RADIOLOGISTS OFFICE",VERY GOOD,Active,
TR118*003411,"COMPUTER,MONITOR, HP, SN :CNK3080QG5",MOI PHASE III,4 floor,CLINICAL RESEARCH,"CLINICAL RESEARCH, ",NEW,Active,
TR118*007226,"COMPUTER,MONITOR, HP, SN 3CQ7492JSS",PHASE III,BASEMENT,TECHNICAL SERVICE DEPT,OFFICE 3,GOOD,Active,
TR118*000971,"Computer,Monitor, HP, SN. 3CQ8051P7F",PHASE I& II,GROUND,ADMN,102,Fair,Active,
TR118*006037,"COMPUTER,MONITOR, HP, SN: 3CQ2350R8W",MOI PHASE III,5 floor,DNS,"CUBIC 2,WARD 5B",GOOD,Active,
TR118*003423,"COMPUTER,MONITOR, HP, SN: 3CQ947168V",MOI PHASE III,4 floor,CLINICAL RESEARCH,"CLINICAL RESEARCH, ",GOOD,Active,
TR118*003291,"COMPUTER,MONITOR, HP, SN: 42172CP6",MOI PHASE III,3 floor,DNS,"DNS OFFICE, NURSING MANAGERS",NEW,Active,
TR118*003290,"COMPUTER,MONITOR, HP, SN: 42173W3J",MOI PHASE III,3 floor,DNS,"DNS OFFICE, NURSING MANAGERS",NEW,Active,
TR1118*007506,"COMPUTER,MONITOR, HP, SN: 6CM4091VKQ",MOI PHASE III,6 floor,DCSS,"LEVEL 6, NHIF OFFICE SUBMISSION",GOOD,Active,
TR118*003417,"COMPUTER,MONITOR, HP, SN: CKN3060RVT ",MOI PHASE III,4 floor,CLINICAL RESEARCH,"CLINICAL RESEARCH, ",NEW,Active,
TR118*003415,"COMPUTER,MONITOR, HP, SN: CN4149226G",MOI PHASE III,4 floor,CLINICAL RESEARCH,"CLINICAL RESEARCH, ",NEW,Active,
TR118*003427,"COMPUTER,MONITOR, HP, SN: CNK3060RVC",MOI PHASE III,4 floor,CLINICAL RESEARCH,"CLINICAL RESEARCH, ",NEW,Active,
TR1118*006422,"COMPUTER,MONITOR, HP, SN:1CR9201VRM",MOI PHASE III,7 floor ,DCSS,"LEVEL7,RADIOLOGISTS OFFICE",VERY GOOD,Active,
TR118*003425,"COMPUTER,MONITOR, HP, SN:3CQ250079K",MOI PHASE III,4 floor,CLINICAL RESEARCH,"CLINICAL RESEARCH, ",NEW,Active,
TR118*003294,"COMPUTER,MONITOR, HP, SN:3CQ4120CDR",MOI PHASE III,3 floor,DNS,"DNS OFFICE, SECRETARY",FAIR,Active,
TR118*008821,"Computer,Monitor, HP,SN. 3CQ250078P",CONTAINER,FIRST FROOL,DNS,SOCIAL WALFARE,New,Active,
TR118*008048,"Computer,Monitor, HP,SN:3CQ8300V2S",MOI PHASE I &II,FIRST FLOOR,PHYSIO,ROOM 5,GOOD,Active,
TR118*008027,"Computer,Monitor, HP,V197,SN:3CQ8300VFJ",MOI PHASE I &II,FIRST FLOOR,PHYSIO,ROOM 3,GOOD,Active,
TR118*008034,"Computer,Monitor, HPV, 197,SN:3CQ8300V1Z",MOI PHASE I &II,FIRST FLOOR,PHYSIO,ROOM 7,GOOD,Active,
MOI/DISP/EO/0600,"Computer,MONITOR, LENOVO 65A1-AB1",,,,,,Active,
MOI/DISP/EO/0583,"Computer,MONITOR, LENOVO 65A1-AB1",,,,,,Active,
MOI/DISP/EO/0604,"Computer,MONITOR, LENOVO S1922SWD",,,,,,Active,
TR118*006252,"COMPUTER,MONITOR, LENOVO, SN : V9-09NMYT",MOI PHASE III,6 floor,DNS,"LEVEL 6A, NURSING STATION",NEW,Active,
TR118*006088,"COMPUTER,MONITOR, LENOVO, SN : VY525209",MOI PHASE III,5 floor,ICTM,ICT OFFICE II,NEW,Active,
TR118*006085,"COMPUTER,MONITOR,ALL IN ONE,HP,SN-3CM9M730H",MOI PHASE III,5 floor,ICTM,ICT OFFICE II,VERY GOOD,Active,
TR118*007131,"COMPUTER,MONITOR,DELL",PHASE III,BASEMENT,PHARMACY STORE,PHARMACY STORE,GOOD,Active,
TR118*000969,"Computer,Monitor,DELL, SN. CN-OKCCCP-72872-331-E4UM",PHASE I& II,GROUND,ADMN,102,Fair,Active,
TR118*007837,"Computer,Monitor,Dell, SN: CN-0PD0D-72872-42P-AT7M",MOI PHASE III,5 floor,ICTM,SERVER ROOM,GOOD,Active,
TR118*003419,"COMPUTER,MONITOR,DELL, SN:CN-07CXPR-72872-6CU-D7AB-A00",MOI PHASE III,4 floor,CLINICAL RESEARCH,"CLINICAL RESEARCH, ",VERY GOOD,Active,
TR118*003516,"COMPUTER,MONITOR,DELL, SN:CN-0MMK39-72872-59Q-GPVI-A00",MOI PHASE III,4 floor,DNS,"WARD 4A, CUBIC 1",GOOD,Active,
TR1118*006371,"COMPUTER,MONITOR,DELL,MODEL NO:E16HVI",MOI PHASE III,6 floor,DNS,"LEVEL 6B,NURSING STATION",GOOD,Active,
TR118*003338,"COMPUTER,MONITOR,DELL,SN:0V048Y-64180-35V-1GGB",MOI PHASE III,3 floor,DNS,"CUBIC 2,3B",VERY GOOD,Active,
TR118*003684,"COMPUTER,MONITOR,DELL,SN:CN-00RDRX-72872-639-A24D",MOI PHASE III,4 floor,DNS,"CUBIC 2,WARD 4B",VERY GOOD,Active,
TR118*003153,"COMPUTER,MONITOR,DELL,SN:CN-07CXPR-72872-63O-A0VI-A00",MOI PHASE III,3 floor,DFP,BILLING OFFICE,VERY GOOD,Active,
TR118*006104,"COMPUTER,MONITOR,DELL,SN:CN-07CXPR-72872-6CU-B73B-A00",MOI PHASE III,5 floor,ICTM,ICT MANAGER,GOOD,Active,
TR118*003150,"COMPUTER,MONITOR,DELL,SN:CN-0DFDMY-72872-5AG-SRKU-A00",MOI PHASE III,3 floor,DFP,BILLING OFFICE,VERY GOOD,Active,
TR118*006106,"COMPUTER,MONITOR,DELL,SN:CN-OF3R2K-FCC00-75F-AFVL-A00",MOI PHASE III,5 floor,ICTM,ICT MANAGER,GOOD,Active,
TR118*006178,"COMPUTER,MONITOR,DELL,SN-CN-00RDRX-72872-638-CDMD-A00",MOI PHASE III,5 floor,ICTM,"MAIN OFFICE,LEVEL 16",GOOD,Active,
TR118*GAMIS465,"COMPUTER,MONITOR,DELL19.5TFT ",MOI PHASE I &II,FIRST FLOOR,DAHRM,DAHRM OFFICE,GOOD,Active,
TR1118*006419,"COMPUTER,MONITOR,EIZO, ALL IN ONE, SN : 57987012",MOI PHASE III,7 floor ,DCSS,"LEVEL7,RADIOLOGISTS OFFICE",VERY GOOD,Active,
TR118*007269,"COMPUTER,MONITOR,HP",PHASE III,GROUND,EMD,EMERGENCY CASHIER,NEW,Active,
TR118*007133,"COMPUTER,MONITOR,HP",PHASE III,BASEMENT,PHARMACY STORE,PHARMACY STORE,GOOD,Active,
TR118*006676,"COMPUTER,MONITOR,HP",PHASE III,BASEMENT,STORE,SUPPLIES UNIT 3,GOOD,Active,
TR118*003407,"COMPUTER,MONITOR,HP, SN :1CR1501WRM",MOI PHASE III,4 floor,CLINICAL RESEARCH,"CLINICAL RESEARCH,",NEW,Active,
TR118*003297,"COMPUTER,MONITOR,HP, SN: 3CQ2360K7W",MOI PHASE III,3 floor,DNS,"DNS OFFICE, SECRETARY",NEW,Active,
TR118*003420,"COMPUTER,MONITOR,HP, SN:CNK3060RVZ",MOI PHASE III,4 floor,CLINICAL RESEARCH,"CLINICAL RESEARCH, ",NEW,Active,
TR118*008076,"Computer,Monitor,HP, V197,SN:3CQ8300V33",MOI PHASE I &II,FIRST FLOOR,PHYSIO,ROOM 4,GOOD,Active,
TR118*006158,"COMPUTER,MONITOR,HP,SN:3CQ1150LNB",MOI PHASE III,5 floor,ICTM,"SERVER ROOM, LEVEL 5",VERY GOOD,Active,
TR118*003761,"COMPUTER,MONITOR,HP,SN:3CQ2090XGX",MOI PHASE III,5 floor,DNS,"WARD 5A,INCHARGE OFFICE",VERY GOOD,Active,
TR118*003031,"COMPUTER,MONITOR,HP,SN:3CQ25005ZN",MOI PHASE III,3 floor,DNS,CUBIC 2,VERY GOOD,Active,
TR118*003148,"COMPUTER,MONITOR,HP,SN:3CQ250078M",MOI PHASE III,3 floor,DFP,BILLING OFFICE,NEW,Active,
TR118*003240,"COMPUTER,MONITOR,HP,SN:3CQ4120CNB",MOI PHASE III,3 floor,DNS,"CUBIC 1,3B",GOOD,Active,
TR118*006121,"COMPUTER,MONITOR,HP,SN:3CQ832117B",MOI PHASE III,5 floor,ICTM,ICT MANAGER,GOOD,Active,
TR118*003147,"COMPUTER,MONITOR,HP,SN:3CQ83808YF",MOI PHASE III,3 floor,DFP,BILLING OFFICE,VERY GOOD,Active,
TR118*006138,"COMPUTER,MONITOR,HP,SN:3CQ94715L3",MOI PHASE III,5 floor,ICTM,"SERVER ROOM, LEVEL 5",VERY GOOD,Active,
TR118*003158,"COMPUTER,MONITOR,HP,SN:6CM4142BXN",MOI PHASE III,3 floor,DFP,BILLING OFFICE,GOOD,Active,
TR118*006105,"COMPUTER,MONITOR,HP,SN:CNC9090158",MOI PHASE III,5 floor,ICTM,ICT MANAGER,GOOD,Active,
TR1118*007797,"COMPUTER,MONITOR,HP,SN:CNK3410PV2",MOI PHASE I,GROUND FLOOR,DCSS,MCP NHIF,NEW,Active,
TR1118*007793,"COMPUTER,MONITOR,HP,SN:CNK3410PV4",MOI PHASE I,GROUND FLOOR,DCSS,MCP NHIF,NEW,Active,
TR1118*007791,"COMPUTER,MONITOR,HP,SN:CNK3410PVC",MOI PHASE III,GROUND FLOOR,DCSS,EMERGENCY MCP,NEW,Active,
TR1118*007789,"COMPUTER,MONITOR,HP,SN:CNK3410PW2",MOI PHASE I,GROUND FLOOR,DCSS,OT PHARMACY,NEW,Active,
TR1118*007795,"COMPUTER,MONITOR,HP,SN:CNK3410PW4",MOI PHASE I,GROUND FLOOR,DCSS,MCP IMPLANT,NEW,Active,
TR1118*007738,"COMPUTER,MONITOR,HP,SN:SNK3410QSR",MOI PHASE III,6 floor,DFP,"LEVEL6,NHIF SUBMISSION OFFICE",NEW,Active,
TR118*005487,"Computer,Monitor,HP,V197,SN: 3CQ8300V2L",MOI PHASE I &II,FIRST FLOOR,PHYSIO,ROOM 1,GOOD,Active,
TR118*008108,"Computer,Monitor,HP,V197,SN: 3CQ8300VGF",MOI PHASE I &II,FIRST FLOOR,PYHSIO,PYHSIO,GOOD,Active,
TR118*008012,"Computer,Monitor,HP,V197,SN: 3CQ830203P",MOI PHASE I &II,FIRST FLOOR,PHYSIO,ROOM 10,GOOD,Active,
TR118*005499,"Computer,Monitor,HP,V197,SN: 3CQ830204S",MOI PHASE I &II,FIRST FLOOR,PHYSIO,ROOM 12,GOOD,Active,
TR118*005470,"Computer,Monitor,HP,V197,SN:3CQ830203J",MOI PHASE I &II,FIRST FLOOR,PHYSIO,PREMIER 2,GOOD,Active,
TR118*003152,"COMPUTER,MONITOR,LENOVO,ALL IN ONE,SN:1S10F2001KAXPC0AGH60",MOI PHASE III,3 floor,DFP,BILLING OFFICE,VERY GOOD,Active,
TR118*006186,"COMPUTER,MONITOR,LENOVO,SN:1S62B9MAR4WLVY523902",MOI PHASE III,5 floor,ICTM,"MAIN OFFICE,LEVEL 5",GOOD,Active,
TR118*006181,"COMPUTER,MONITOR,LENOVO,SN:1S62B9MAR4WLVY524281",MOI PHASE III,5 floor,ICTM,"MAIN OFFICE,LEVEL 19",GOOD,Active,
TR118*003000,"COMPUTER,MONITOR,LENOVO,SN:4ML1253E25N0748",MOI PHASE III,3 floor,DNS,CUBIC 1,VERY GOOD,Active,
TR118*007821,"Computer,Server, HPE ProLiant DL380 Gen11 P67693-005 SN: CZ242001XW",PHASE III,5 FLOOR,ICTM,SERVER ROOM,NEW,Active,
TR118*007820,"Computer,Server, HPE ProLiant DL380 Gen11 P67693-005 SN: CZ242001XX",PHASE III,5 FLOOR,ICTM,SERVER ROOM,NEW,Active,
TR118*000994,"Computer. Monitor, DELL, SN. CN-OT9Y04",PHASE I& II,GROUND,DFP,105,Fair,Active,
TR118*005827,"Computor, CPU, DELL, SN 216M8F2",PHASE I& II,GROUND,DCSS,OPERATING VI,Good,Active,
TR118*005623,"Computor, CPU, HP, SN CZC51615HH",PHASE I& II,GROUND,DCSS,Holding Area,V.Good,Active,
TR118*005621,"Computor, Monitor & CPU, HP, SN CN4504030C",PHASE I& II,GROUND,DCSS,Holding Area,V.Good,Active,
TR118*005622,"Computor, Monitor, Lenovo, SN PCOAGHGA",PHASE I& II,GROUND,DCSS,Holding Area,V.Good,Active,
TR118*006856,"CPU , FUJITSU",PHASE III,GROUND,RADIOLOGY,MRI 2 CONTROL ROOM,GOOD,Active,
TR118*000193,"CPU,HP,400 G6 MT Intel Core i7 ,SN: CZC0049WJ1",MOI PHASE I &II,FIRST FLOOR,PROCUREMENT UNIT,239 PROCUREMENT MNGT UNIT,GOOD,Active,
TR118*002088,"CUMPUTER ,MONITOR,HP ",PHASE III,2 FLOOR,PHARMACY,INCHARGE OFFICE,GOOD,Active,
TR118*GAMIS1,DEL OPTIPLEX 9020 4GB HDD 1TB CORE 15,MOI PHASE I &II,FIRST FLOOR,DAHRM,DAHRM OFFICE,GOOD,Active,
TR118*GAMIS278,ELECTRONIC SIGNATURE DEVICE -ESD,MOI PHASE I &II,FIRST FLOOR,DAHRM,275 HR TRAINING AND ADMINSTR,GOOD,Active,
TR118*GAMIS279,ELECTRONIC SIGNATURE DEVICE -ESD,MOI PHASE I &II,FIRST FLOOR,DAHRM,275 HR TRAINING AND ADMINSTR,GOOD,Active,
TR118*007828,"FIREWALL, SOPHOS XG 310,SN: C32078VGYDD29B1",MOI PHASE III,5 floor,ICTM,ICTM,FAIR,Active,
TR118*GAMIS201,HARD DISK Hp 1.92tb 12gb/s 2.5 Inch Sff Sas Read Intensive (Ri) (Ds) Ssd Hot Plug Smartdrive Carrier(Sc),MOI PHASE I &II,FIRST FLOOR,DAHRM,DAHRM OFFICE,GOOD,Active,
TR118*GAMIS202,"HARD DISK, Hp 1.92tb 12gb/s 2.5 Inch Sff Sas Read Intensive (Ri) (Ds) Ssd Hot Plug Smartdrive Carrier(Sc)",MOI PHASE I &II,FIRST FLOOR,DAHRM,DAHRM OFFICE,GOOD,Active,
TR118*GAMIS203,"HARD DISK, Hp 1.92tb 12gb/s 2.5 Inch Sff Sas Read Intensive (Ri) (Ds) Ssd Hot Plug Smartdrive Carrier(Sc)",MOI PHASE I &II,FIRST FLOOR,DAHRM,DAHRM OFFICE,GOOD,Active,
TR118*GAMIS204,"HARD DISK, Hp 1.92tb 12gb/s 2.5 Inch Sff Sas Read Intensive (Ri) (Ds) Ssd Hot Plug Smartdrive Carrier(Sc)",MOI PHASE I &II,FIRST FLOOR,DAHRM,DAHRM OFFICE,GOOD,Active,
TR118*GAMIS205,"HARD DISK, Hp 1.92tb 12gb/s 2.5 Inch Sff Sas Read Intensive (Ri) (Ds) Ssd Hot Plug Smartdrive Carrier(Sc)",MOI PHASE I &II,FIRST FLOOR,DAHRM,DAHRM OFFICE,GOOD,Active,
TR118*GAMIS206,"HARD DISK, Hp 1.92tb 12gb/s 2.5 Inch Sff Sas Read Intensive (Ri) (Ds) Ssd Hot Plug Smartdrive Carrier(Sc)",MOI PHASE I &II,FIRST FLOOR,DAHRM,DAHRM OFFICE,GOOD,Active,
TR118*GAMIS207,"HARD DISK, Hp 1.92tb 12gb/s 2.5 Inch Sff Sas Read Intensive (Ri) (Ds) Ssd Hot Plug Smartdrive Carrier(Sc)",MOI PHASE I &II,FIRST FLOOR,DAHRM,DAHRM OFFICE,GOOD,Active,
TR118*GAMIS208,"HARD DISK, Hp 1.92tb 12gb/s 2.5 Inch Sff Sas Read Intensive (Ri) (Ds) Ssd Hot Plug Smartdrive Carrier(Sc)",MOI PHASE I &II,FIRST FLOOR,DAHRM,DAHRM OFFICE,GOOD,Active,
TR118*GAMIS209,"HARD DISK, HPE 1.2 TB SAS 12G 10K SFF SC HDD 5TB TOTAL",MOI PHASE I &II,FIRST FLOOR,DAHRM,DAHRM OFFICE,GOOD,Active,
TR118*GAMIS210,"HARD DISK, HPE 1.2 TB SAS 12G 10K SFF SC HDD 5TB TOTAL",MOI PHASE I &II,FIRST FLOOR,DAHRM,DAHRM OFFICE,GOOD,Active,
TR118*GAMIS211,"HARD DISK, INTERNAL 500GB (SATA)",MOI PHASE I &II,FIRST FLOOR,DAHRM,DAHRM OFFICE,GOOD,Active,
TR118*GAMIS212,"HARD DISK, INTERNAL 500GB (SATA)",MOI PHASE I &II,FIRST FLOOR,DAHRM,DAHRM OFFICE,GOOD,Active,
TR118*GAMIS213,"HARD DISK, INTERNAL 500GB (SATA)",MOI PHASE I &II,FIRST FLOOR,DAHRM,DAHRM OFFICE,GOOD,Active,
TR118*GAMIS286,HP DESKJET 2130 ALL - IN - ONE PRINTER,MOI PHASE I &II,FIRST FLOOR,DAHRM,DAHRM OFFICE,GOOD,Active,
TR118*GAMIS492,LAPTOP INTEL CORE 15-42104 WITH INTEL HD GRAPHICS,MOI PHASE I &II,FIRST FLOOR,DAHRM,DAHRM OFFICE,NEW,Active,
TR118*GAMIS155,"LAPTOP, 15 RAM 4GB HARD DISK 500GB",MOI PHASE I &II,FIRST FLOOR,DAHRM,DAHRM OFFICE,GOOD,Active,
TR118*000545,"Laptop, HP Envy x360 15t-ed100, core i7, SN: ",MOI PHASE I &II,FIRST FLOOR,DFP,HOE,FAIR,Active,
TR118*GAMIS124,"LAPTOP, HP LAPTOP(ELITEBOOK 840,INTERCORE I7 2.5 GHZ RAM 12GB,HDD 1TB,",MOI PHASE I &II,FIRST FLOOR,DAHRM,DAHRM OFFICE,GOOD,Active,
TR118*GAMIS118,"Laptop, Laptop CORE i7 HDD ITB 4GB RAM CPU 2,3GHZ ORMORE",MOI PHASE I &II,FIRST FLOOR,DAHRM,DAHRM OFFICE,GOOD,Active,
TR118*003856,"LAPTOP,DELL,SN :4NPZYN2",MOI PHASE III,5 floor,DNS,"WARD 5A, CUBIC 2",GOOD,Active,
TR118*GAMIS484,"LENOVO ALL  IN ONE THINK CENTRE 15 8gb, 1tb,ssd with win 11 pro",MOI PHASE I &II,FIRST FLOOR,DAHRM,DAHRM OFFICE,NEW,Active,
TR118*GAMIS485,"LENOVO ALL  IN ONE THINK CENTRE 15 8gb, 1tb,ssd with win 11 pro",MOI PHASE I &II,FIRST FLOOR,DAHRM,DAHRM OFFICE,NEW,Active,
TR118*GAMIS486,"LENOVO ALL  IN ONE THINK CENTRE 15 8gb, 1tb,ssd with win 11 pro",MOI PHASE I &II,FIRST FLOOR,DAHRM,DAHRM OFFICE,NEW,Active,
TR118*GAMIS487,"LENOVO ALL  IN ONE THINK CENTRE 15 8gb, 1tb,ssd with win 11 pro",MOI PHASE I &II,FIRST FLOOR,DAHRM,DAHRM OFFICE,NEW,Active,
TR118*GAMIS488,"LENOVO ALL  IN ONE THINK CENTRE 15 8gb, 1tb,ssd with win 11 pro",MOI PHASE I &II,FIRST FLOOR,DAHRM,DAHRM OFFICE,NEW,Active,
TR118*GAMIS494,"lenovo all in  one think centre I5 8gb,1tb ssdwith win 11 pro",MOI PHASE I &II,FIRST FLOOR,DAHRM,DAHRM OFFICE,NEW,Active,
TR118*GAMIS495,"lenovo all in  one think centre I5 8gb,1tb ssdwith win 11 pro",MOI PHASE I &II,FIRST FLOOR,DAHRM,DAHRM OFFICE,NEW,Active,
TR118*GAMIS496,"lenovo all in  one think centre I5 8gb,1tb ssdwith win 11 pro",MOI PHASE I &II,FIRST FLOOR,DAHRM,DAHRM OFFICE,NEW,Active,
TR118*GAMIS497,"lenovo all in  one think centre I5 8gb,1tb ssdwith win 11 pro",MOI PHASE I &II,FIRST FLOOR,DAHRM,DAHRM OFFICE,NEW,Active,
TR118*GAMIS493,"LENOVO ALL IN ONE THINK CENTRE 15 8GB, 1TB Ssd with win 11 pro",MOI PHASE I &II,FIRST FLOOR,DAHRM,DAHRM OFFICE,NEW,Active,
TR118*000603,"Machine, Photocopier, Canon Imagerunner 2224, SN: (21)213QSO2147",MOI PHASE I &II,FIRST FLOOR,DAHRM,255 HR TRAINING AND ADMINSTR,GOOD,Active,
TR118*000883,"Machine, Photocopier, Canon Imagerunner 2425, SN: (21) 28H11079",MOI PHASE I &II,FIRST FLOOR,DAHRAM,214: DAHRM OFFICE,NEW,Active,
TR118*000154,"Machine, Photocopier,Canon Imagerunner 2425, SN: (21) 28H21481",MOI PHASE I &II,FIRST FLOOR,HR,240 DOCROR'S SECRETARY,NEW,Active,
TR118*GAMIS297,"MACHINE,BIOMETRIC TIME ATTENDANCE",MOI PHASE I &II,FIRST FLOOR,DAHRM,DAHRM OFFICE,GOOD,Active,
TR118*007447,"MACHINE,PHOTOCOPIER, Canon Image RUNNER 2520",PHASE III,GROUND,EMD,MOI CLIENT LOUNGE,GOOD,Active,
TR118*0066786,"MACHINE,PHOTOCOPIER,CANON,IMAGE RUNNER 2425",PHASE III,BASEMENT,STORE,SUPPLIES UNIT/GENERAL STORE,GOOD ,Active,
TR118*003271,"MACHINE,PHOTOCOPY,CANON,SN:YDX30428",MOI PHASE III,3 floor,DNS,DNS OFFICE,GOOD,Active,
TR118*006627,MONITOR (CONTROL CONSOLE),PHASE III,GROUND,RADIOLOGY,CT SCAN ROOM 2,GOOD,Active,
TR118*006529,MONITOR (CONTROL CONSOLE),PHASE III,GROUND,RADIOLOGY,MRI 2 CONTROL ROOM,GOOD,Active,
TR118*006527,MONITOR syngo(CONTROL CONSOLE),PHASE III,GROUND,RADIOLOGY,MRI 2 CONTROL ROOM,GOOD,Active,
TR118*006528,MONITOR syngo(CONTROL CONSOLE),PHASE III,GROUND,RADIOLOGY,MRI 2 CONTROL ROOM,GOOD,Active,
TR118*006426,"MONITOR, DELL, SN: CN-OPD06D-72872-42C-D5VM",MOI PHASE III,7 floor ,DCSS,"LEVEL7,RADIOLOGISTS OFFICE",VERY GOOD,Active,
TR118*GAMIS228,"PAD,DIGITAL SIGNATURE ",MOI PHASE I &II,FIRST FLOOR,DAHRM,DAHRM OFFICE,GOOD,Active,
TR118*GAMIS229,"PAD,DIGITAL SIGNATURE ",MOI PHASE I &II,FIRST FLOOR,DAHRM,DAHRM OFFICE,GOOD,Active,
TR118*GAMIS230,"PAD,DIGITAL SIGNATURE ",MOI PHASE I &II,FIRST FLOOR,DAHRM,DAHRM OFFICE,GOOD,Active,
TR118*GAMIS231,"PAD,DIGITAL SIGNATURE ",MOI PHASE I &II,FIRST FLOOR,DAHRM,DAHRM OFFICE,GOOD,Active,
TR118*GAMIS232,"PAD,DIGITAL SIGNATURE ",MOI PHASE I &II,FIRST FLOOR,DAHRM,DAHRM OFFICE,GOOD,Active,
TR118*GAMIS233,"PAD,DIGITAL SIGNATURE ",MOI PHASE I &II,FIRST FLOOR,DAHRM,DAHRM OFFICE,GOOD,Active,
TR118*GAMIS234,"PAD,DIGITAL SIGNATURE ",MOI PHASE I &II,FIRST FLOOR,DAHRM,DAHRM OFFICE,GOOD,Active,
TR118*GAMIS235,"PAD,DIGITAL SIGNATURE ",MOI PHASE I &II,FIRST FLOOR,DAHRM,DAHRM OFFICE,GOOD,Active,
TR118*GAMIS236,"PAD,DIGITAL SIGNATURE ",MOI PHASE I &II,FIRST FLOOR,DAHRM,DAHRM OFFICE,GOOD,Active,
TR118*GAMIS237,"PAD,DIGITAL SIGNATURE ",MOI PHASE I &II,FIRST FLOOR,DAHRM,DAHRM OFFICE,GOOD,Active,
TR118*GAMIS238,"PAD,DIGITAL SIGNATURE ",MOI PHASE I &II,FIRST FLOOR,DAHRM,DAHRM OFFICE,GOOD,Active,
TR118*GAMIS239,"PAD,DIGITAL SIGNATURE ",MOI PHASE I &II,FIRST FLOOR,DAHRM,DAHRM OFFICE,GOOD,Active,
TR118*GAMIS240,"PAD,DIGITAL SIGNATURE ",MOI PHASE I &II,FIRST FLOOR,DAHRM,DAHRM OFFICE,GOOD,Active,
TR118*GAMIS241,"PAD,DIGITAL SIGNATURE ",MOI PHASE I &II,FIRST FLOOR,DAHRM,DAHRM OFFICE,GOOD,Active,
TR118*GAMIS242,"PAD,DIGITAL SIGNATURE ",MOI PHASE I &II,FIRST FLOOR,DAHRM,DAHRM OFFICE,GOOD,Active,
TR118*GAMIS243,"PAD,DIGITAL SIGNATURE ",MOI PHASE I &II,FIRST FLOOR,DAHRM,DAHRM OFFICE,GOOD,Active,
TR118*GAMIS244,"PAD,DIGITAL SIGNATURE ",MOI PHASE I &II,FIRST FLOOR,DAHRM,DAHRM OFFICE,GOOD,Active,
TR118*GAMIS245,"PAD,DIGITAL SIGNATURE ",MOI PHASE I &II,FIRST FLOOR,DAHRM,DAHRM OFFICE,GOOD,Active,
TR118*GAMIS246,"PAD,DIGITAL SIGNATURE ",MOI PHASE I &II,FIRST FLOOR,DAHRM,DAHRM OFFICE,GOOD,Active,
TR118*GAMIS247,"PAD,DIGITAL SIGNATURE ",MOI PHASE I &II,FIRST FLOOR,DAHRM,DAHRM OFFICE,GOOD,Active,
TR118*GAMIS248,"PAD,DIGITAL SIGNATURE ",MOI PHASE I &II,FIRST FLOOR,DAHRM,DAHRM OFFICE,GOOD,Active,
TR118*GAMIS249,"PAD,DIGITAL SIGNATURE ",MOI PHASE I &II,FIRST FLOOR,DAHRM,DAHRM OFFICE,GOOD,Active,
TR118*GAMIS250,"PAD,DIGITAL SIGNATURE ",MOI PHASE I &II,FIRST FLOOR,DAHRM,DAHRM OFFICE,GOOD,Active,
TR118*GAMIS251,"PAD,DIGITAL SIGNATURE ",MOI PHASE I &II,FIRST FLOOR,DAHRM,DAHRM OFFICE,GOOD,Active,
TR118*GAMIS252,"PAD,DIGITAL SIGNATURE ",MOI PHASE I &II,FIRST FLOOR,DAHRM,DAHRM OFFICE,GOOD,Active,
TR118*GAMIS253,"PAD,DIGITAL SIGNATURE ",MOI PHASE I &II,FIRST FLOOR,DAHRM,DAHRM OFFICE,GOOD,Active,
TR118*GAMIS254,"PAD,DIGITAL SIGNATURE ",MOI PHASE I &II,FIRST FLOOR,DAHRM,DAHRM OFFICE,GOOD,Active,
TR118*GAMIS255,"PAD,DIGITAL SIGNATURE ",MOI PHASE I &II,FIRST FLOOR,DAHRM,DAHRM OFFICE,GOOD,Active,
TR118*GAMIS256,"PAD,DIGITAL SIGNATURE ",MOI PHASE I &II,FIRST FLOOR,DAHRM,DAHRM OFFICE,GOOD,Active,
TR118*GAMIS257,"PAD,DIGITAL SIGNATURE ",MOI PHASE I &II,FIRST FLOOR,DAHRM,DAHRM OFFICE,GOOD,Active,
TR118*GAMIS11,PC AND NETWORK MAINTENANCE TOOLKIT IN ASB 5' TOOL,MOI PHASE I &II,FIRST FLOOR,DAHRM,DAHRM OFFICE,GOOD,Active,
TR118*GAMIS310,"POWER SUPPLY ,FOR DESKTOP  - 275W-100-240V",MOI PHASE I &II,FIRST FLOOR,DAHRM,DAHRM OFFICE,GOOD,Active,
TR118*GAMIS311,POWER SUPPLY FOR  C-ARM -PCB B335 11,MOI PHASE I &II,FIRST FLOOR,DAHRM,DAHRM OFFICE,GOOD,Active,
TR118*GAMIS312,"POWER SUPPLY, SWITCHING POWER SUPPLY DELL 3010",MOI PHASE I &II,FIRST FLOOR,DAHRM,DAHRM OFFICE,GOOD,Active,
TR118*GAMIS313,"POWER SUPPLY, SWITCHING POWER SUPPLY DELL 3020",MOI PHASE I &II,FIRST FLOOR,DAHRM,DAHRM OFFICE,GOOD,Active,
TR118*GAMIS314,"POWER SUPPLY,HP PROLIANT 380, GEN 8  460W",MOI PHASE I &II,FIRST FLOOR,DAHRM,DAHRM OFFICE,GOOD,Active,
TR118*GAMIS315,"POWER SUPPLY,HP PROLIANT 380, GEN 8  460W",MOI PHASE I &II,FIRST FLOOR,DAHRM,DAHRM OFFICE,GOOD,Active,
TR118*GAMIS316,"POWER SUPPLY,HP PROLIANT 380, GEN 8  460W",MOI PHASE I &II,FIRST FLOOR,DAHRM,DAHRM OFFICE,GOOD,Active,
TR118*GAMIS317,"POWER SUPPLY,HP PROLIANT 380, GEN 8 , 460W",MOI PHASE I &II,FIRST FLOOR,DAHRM,DAHRM OFFICE,GOOD,Active,
TR118*GAMIS318,"POWER SUPPLY,SWITCHING POWER SUPPLY DELL 3010",MOI PHASE I &II,FIRST FLOOR,DAHRM,DAHRM OFFICE,GOOD,Active,
TR118*GAMIS319,"POWER SUPPLY,SWITCHING POWER SUPPLY DELL 3020",MOI PHASE I &II,FIRST FLOOR,DAHRM,DAHRM OFFICE,GOOD,Active,
TR118*002349,"PRINTER ,HP Laser Jet M404dn",PHASE III,1 FLOOR ,LAB,BLOOD TRANSFUSSION,GOOD,Active,
TR118*GAMIS371,"PRINTER ,HP LASERJET P 1102",MOI PHASE I &II,FIRST FLOOR,DAHRM,DAHRM OFFICE,GOOD,Active,
TR118*GAMIS362,"PRINTER ,HP LASERJET PRO MFP",MOI PHASE I &II,FIRST FLOOR,DAHRM,DAHRM OFFICE,GOOD,Active,
TR118*006986,"PRINTER ,HP,(LaserJet 402dne)",PHASE III,GROUND,EMD,PHYSICIAN,GOOD,Active,
TR118*008530,"PRINTER ,LASER JET ,PRO  4003 DN",PHASE III,BASEMENT,LAUNDRY,LAUNDRY,NEW,Active,
TR118*006918,"PRINTER ,Laser Jet Pro M404dn",PHASE III,GROUND,EMD,INCHARGE OFFICE EMD,GOOD,Active,
TR118*002372,PRINTER HP Laser Jet M404dn,PHASE III,1 FLOOR ,LAB,HEMATOLOGY,GOOD,Active,
TR118*GAMIS489,Printer Hp Laserjet Pro 4003dn,MOI PHASE I &II,FIRST FLOOR,DAHRM,DAHRM OFFICE,NEW,Active,
TR118*008298,"Printer HP Laserjet PRO 4003dn, 3-IN-1, SN: VNM0408874",MOI PHASE I &II,FIRST FLOOR,DNS,217,NEW,Active,
TR118*006526,"PRINTER HP,Laser Jet Pro  M404dn",PHASE III,GROUND,RADIOLOGY,MRI 2 CONTROL ROOM,GOOD,Active,
TR118*007492,"PRINTER HP,Laser Jet Pro M404dn",PHASE III,GROUND,EMD,EMERGENCE THEATER INCHARGE OFFICE,GOOD,Active,
TR118*GAMIS332,"PRINTER WITH SCANNER, COPYAND FAX",MOI PHASE I &II,FIRST FLOOR,DAHRM,DAHRM OFFICE,GOOD,Active,
TR118*GAMIS365,"PRINTER, BROTHER HEAVY DUTY COLOUR LESERJET- 4050CBN",MOI PHASE I &II,FIRST FLOOR,DAHRM,DAHRM OFFICE,GOOD,Active,
TR118*GAMIS327,"PRINTER, EPSON L850 PRINTER",MOI PHASE I &II,FIRST FLOOR,DAHRM,DAHRM OFFICE,GOOD,Active,
TR118*GAMIS357,"PRINTER, EPSON LX 351",MOI PHASE I &II,FIRST FLOOR,DAHRM,DAHRM OFFICE,GOOD,Active,
TR118*002919,"PRINTER, HP ,LaserJet Pro 402dne",PHASE III,1 FLOOR ,ICU,INCHARGE OFFICE ICU,GOOD,Active,
TR118*000144,"Printer, HP Color Lasejet ProM454dn",MOI PHASE I &II,FIRST FLOOR,PMU,PMU MANAGER OFFICE,NEW,Active,
TR118*GAMIS325,"PRINTER, HP COLOR LASERJET ENTERPRISES M 606SN:CN21PAS023",MOI PHASE I &II,FIRST FLOOR,DAHRM,DAHRM OFFICE,GOOD,Active,
TR118*008309,"Printer, HP Coloured, Laserjet Pro MFP 4303dw, 3-IN-1, SN: CNBRRDG3GC",MOI PHASE I &II,FIRST FLOOR,ED,INTERNAL AUDIT MANAGER,NEW,Active,
MOI/DISP/EO/0195,"PRINTER, HP Laser Jet M601",,,,,,Active,
MOI/DISP/EO/0192,"PRINTER, HP Laser Jet Pro 102a",MOI PHASE III,GROUND,STORE,STORE,Poor,Active,
MOI/DISP/EO/0501,"PRINTER, HP Laser Jet Pro M102a",MOI PHASE III,GROUND,STORE,STORE,Poor,Active,
MOI/DISP/EO/0186,"PRINTER, HP Laser Jet Pro M402dn",MOI PHASE III,GROUND,STORE,STORE,POOR,Active,
MOI/DISP/EO/0188,"PRINTER, HP Laser Jet Pro M402dn",MOI PHASE III,GROUND,STORE,STORE,POOR,Active,
MOI/DISP/EO/0189,"PRINTER, HP Laser Jet Pro M402dn",MOI PHASE III,GROUND,STORE,STORE,POOR,Active,
MOI/DISP/EO/0503,"PRINTER, HP Laser Jet Pro M402dne",MOI PHASE III,GROUND,STORE,STORE,POOR,Active,
MOI/DISP/EO/0187,"PRINTER, HP Laser Jet Pro M402dne",MOI PHASE III,GROUND,STORE,STORE,POOR,Active,
MOI/DISP/EO/0190,"PRINTER, HP Laser Jet Pro M402dne",MOI PHASE III,GROUND,STORE,STORE,POOR,Active,
TR118*007296,"PRINTER, HP Laser Jet Pro M402dne",PHASE III,GROUND,EMD,EMERGENCY,GOOD,Active,
TR118*GAMIS372,"PRINTER, HP LASER JET PRO M428FDN ALL IN - ONE MONOCHROME LASER PRINTER ",MOI PHASE I &II,FIRST FLOOR,DAHRM,DAHRM OFFICE,GOOD,Active,
TR118*002347,"PRINTER, HP Laser Jet, M402dne",PHASE III,1 FLOOR ,LAB,SEROLOGY,GOOD,Active,
TR118*001904,"Printer, HP laser Jet, SN CNBPOQPIM3",PHASE I& II,GROUND,DCSS,OT Manager,V.Good,Active,
TR118*001446,"Printer, HP laser Jet, SN PHC6H40857",PHASE I& II,GROUND,DCSS,116,Good,Active,
TR118*005504,"Printer, HP laser jet, SN PHC6KZ7096",PHASE I& II,GROUND,DCSS,Anaesthesia Office,V.Good,Active,
TR118*001940,"Printer, HP laser Jet, SN PHCPD46738",PHASE I& II,GROUND,DCSS,OT Pharmacy,V.Good,Active,
TR118*005950,"Printer, HP Laser Jet, SN VNF3D34354",PHASE I& II,GROUND,DCSS,I/C Office Sterilization,V.Good,Active,
TR118*005624,"Printer, HP Laser Jet, SN VNH3D14289",PHASE I& II,GROUND,DCSS,Holding Area,V.Good,Active,
TR118*GAMIS321,"PRINTER, HP LASERJET ENTERPRISES M611dn PRINTER",MOI PHASE I &II,FIRST FLOOR,DAHRM,DAHRM OFFICE,GOOD,Active,
TR118*GAMIS378,"PRINTER, HP LaserJet Enterprises MFP 428dw, CNDRQ8B811",MOI PHASE I &II,FIRST FLOOR,DAHRM,DAHRM OFFICE,GOOD,Active,
TR118*000610,"Printer, HP Laserjet Interprises M611, SN: CNBRQ8C5XB",MOI PHASE I &II,FIRST FLOOR,DAHRM,268 HR TRAINING AND ADMINSTR,GOOD,Active,
TR118*GAMIS377,"PRINTER, HP LASERJET MFP135W  MULTFUNCTION  PRINTER AND SCAN",MOI PHASE I &II,FIRST FLOOR,DAHRM,DAHRM OFFICE,GOOD,Active,
MOI/DISP/ME/738,"PRINTER, HP LASERJET PRO 400 M401dn",MOI PHASE III,GROUND,STORE,STORE,Poor,Active,
TR118*008829,"Printer, HP Laserjet Pro 4003, SN. VNM0905689",CONTAINER,FIRST FROOL,DNS,SOCIAL WALFARE,New,Active,
TR118*000716,"Printer, HP Laserjet Pro 4003dn SN: PHM5PO1127",MOI PHASE I &II,FIRST FLOOR,DNS,NURSING ROOM PW1,NEW,Active,
TR118*000085,"Printer, HP Laserjet Pro 4003dn SN: VNC0403739",MOI PHASE I &II,FIRST FLOOR,PHYSIO,RECEPTION,NEW,Active,
TR118*000892,"Printer, HP Laserjet Pro 4003dn, SN: PHC5Q1188",MOI PHASE I &II,FIRST FLOOR,DAHRAM,214: DAHRM OFFICE SECRETARY,NEW,Active,
TR118*000911,"Printer, HP Laserjet Pro 4003dn, SN: VNM0900077",MOI PHASE I &II,FIRST FLOOR,DCSS,210: DCSS OFFICE,NEW,Active,
TR118*000155,"Printer, HP Laserjet Pro 404dn, SN: PHFMG60909",MOI PHASE I &II,FIRST FLOOR,HR,240 DOCROR'S SECRETARY,GOOD,Active,
MOI/DISP/ME/749,"PRINTER, HP LASERJET PRO M402dn",MOI PHASE III,GROUND,STORE,STORE,POOR,Active,
TR118*000684,"Printer, HP Laserjet Pro M402dn, SN: PHCB46296",MOI PHASE I &II,FIRST FLOOR,DFP,CASHIER OFFICE ROOM 230,GOOD,Active,
TR118*000644,"Printer, HP Laserjet Pro M402dn, SN: PHCPB46295",MOI PHASE I &II,FIRST FLOOR,DFP,ROOM NO 232,GOOD,Active,
TR118*008840,"Printer, HP Laserjet Pro M402dne, SN. PHC6F34019",CONTAINER,GROUND FLOOR,DNS,SOCIAL WALFARE,Fair,Active,
TR118*000501,"Printer, HP Laserjet Pro M402dne, SN: PHC6B54711",MOI PHASE I &II,FIRST FLOOR,DAHRM,ROOM 228: REGISTRY,GOOD,Active,
TR118*000792,"Printer, HP Laserjet Pro M402dne, SN: PHC6B56343",MOI PHASE I &II,FIRST FLOOR,DFP,208: FM,GOOD,Active,
TR118*000763,"Printer, HP Laserjet Pro M402dne, SN: PHC6D27845",MOI PHASE I &II,FIRST FLOOR,ED,207: LEGAL OFFICE,GOOD,Active,
TR118*000345,"Printer, HP Laserjet Pro M402dne, SN: PHC6D47347",MOI PHASE I &II,FIRST FLOOR,DNE,NEOUROSUGERY ROOM 207,GOOD,Active,
TR118*005146,"Printer, HP Laserjet Pro M402dne, SN: PHC6F33238",MOI PHASE I &II,FIRST FLOOR,CRTM,ARCHIVE,GOOD,Active,
TR118*000156,"Printer, HP Laserjet Pro M402dne, SN: PHC6Y06993",MOI PHASE I &II,FIRST FLOOR,HR,240 DOCROR'S SECRETARY,GOOD,Active,
TR118*000561,"Printer, HP Laserjet Pro M404dn, SN: PHCL152190",MOI PHASE I &II,FIRST FLOOR,DAHRM,HRM- SECRETARY,GOOD,Active,
TR118*000538,"Printer, HP Laserjet Pro M404dn, SN: PHCL335111",MOI PHASE I &II,FIRST FLOOR,DFP,HOE,GOOD,Active,
TR118*000668,"Printer, HP Laserjet Pro M404dn, SN: PHFMC23778",MOI PHASE I &II,FIRST FLOOR,DFP,DFP OFFICE: SECRETARY,GOOD,Active,
TR118*000870,"Printer, HP Laserjet Pro M404dn, SN: PHFMH29669",MOI PHASE I &II,FIRST FLOOR,DAHRAM,214: DAHRM OFFICE,GOOD,Active,
TR118*005108,"Printer, HP Laserjet Pro M404dn, SN: VNF3D17475",MOI PHASE I &II,FIRST FLOOR,TEEM,ROOM 216,GOOD,Active,
TR118*000287,"Printer, HP Laserjet Pro M404dn, SN: VNF3D17577",MOI PHASE I &II,FIRST FLOOR,FINANCE,PAYROLL,GOOD,Active,
TR118*000556,"Printer, HP Laserjet Pro M404dn, SN: VNF3D34167",MOI PHASE I &II,FIRST FLOOR,DAHRM,HRM,FAIR,Active,
TR118*000009,"Printer, HP Laserjet Pro M404dn, SN: VNH3F02615",MOI PHASE I &II,FIRST FLOOR,PHYSIO,247:MANAGER REHABILITATION,GOOD,Active,
TR118*000439,"Printer, HP Laserjet Pro MFP M127fn, 3-in-1, SN: CNB9G4X9KL",MOI PHASE I &II,FIRST FLOOR,DOT,DOCTOR'S ROOM PEDIATRIC,GOOD,Active,
TR118*GAMIS320,"PRINTER, HP LASERJET PRo MFP M4103DW",MOI PHASE I &II,FIRST FLOOR,DAHRM,DAHRM OFFICE,GOOD,Active,
TR118*000188,"Printer, HP Laserjet Pro MFP M428dw, SN: CNDRQ8B811",MOI PHASE I &II,FIRST FLOOR,PROCUREMENT UNIT,239 PROCUREMENT MNGT UNIT,VERY GOOD,Active,
TR118*GAMIS374,"PRINTER, HP LASERJET PRO MFP M477 FDW()",MOI PHASE I &II,FIRST FLOOR,DAHRM,DAHRM OFFICE,GOOD,Active,
TR118*003408,"PRINTER, HP LASERJET PRO, SN: PHC5Q00753",MOI PHASE III,4 floor,CLINICAL RESEARCH,"CLINICAL RESEARCH, ",NEW,Active,
TR118*003310,"PRINTER, HP LASERJET PRO, SN: PHCL214775",MOI PHASE III,3 floor,DNS,DNS OFFICE,GOOD,Active,
TR118*008279,"Printer, HP Laserjet, Enterprise, M611, SN:SNBPQCP1MW",MOI PHASE I &II,FIRST FLOOR,PHYSIO,STORE,NEW,Active,
TR118*002887,"PRINTER, HP LaserJet, Pro 403dn",PHASE III,1 FLOOR ,ICU,PHARMACY ICU,GOOD,Active,
TR118*006961,"PRINTER, HP LaserJet, Pro M402dne",PHASE III,GROUND,EMD,EMD COMMUNITY PHARMACY,GOOD,Active,
TR118*003424,"PRINTER, HP LASERJET, SN: VNCO402487",MOI PHASE III,4 floor,CLINICAL RESEARCH,"CLINICAL RESEARCH, ",NEW,Active,
TR118*GAMIS326,"PRINTER, Hp Scanjet Enterprises Flow N6600 fnw 1SN:4CE236B7BY & SN:3CQ23507RB",MOI PHASE I &II,FIRST FLOOR,DAHRM,DAHRM OFFICE,GOOD,Active,
TR118*001265,"Printer, HP, Color laser Jet Prom 452nw, SN VNC3N21355",PHASE I& II,GROUND,ED,106,Fair,Active,
TR118*GAMIS376,"PRINTER, HP, COLOUR LASERJET PRO MFP, M283fdw",MOI PHASE I &II,FIRST FLOOR,DAHRM,DAHRM OFFICE,GOOD,Active,
TR118*001317,"Printer, HP, Laser Jet Pro M402DNE, SN PHC6C37908",PHASE I& II,GROUND,DFP,112,Fair,Active,
TR118*001301,"Printer, HP, Laser Jet Pro M402DNE, SN PHC6J60752",PHASE I& II,GROUND,DNS,121,Good,Active,
MOI/DISP/EO/0641,"PRINTER, HP, LASER JET PROM404DN",,,,,,Active,
TR118*007051,"PRINTER, HP, Laser Jet, Pro M404dn",PHASE III,GROUND,EMD,EMERGENCE THEATER,GOOD,Active,
TR118*GAMIS322,"PRINTER, HP, LASERJET MFP 130 SERIES",,,,,,Active,
MOI/DISP/EO/0642,"PRINTER, HP, LASERJET Pro 400 M401DN",,,,,,Active,
TR118*001373,"Printer, HP, Leaser Jet Pro 4003 DN, SN VNCO901332",PHASE I& II,GROUND,DNS,113,Very Good,Active,
TR118*001125,"printer, HP, SN CNB2PD5WGC",PHASE I& II,GROUND,DCSS,118,Good,Active,
TR118*001807,"Printer, HP, SN PHC6F93818",PHASE I& II,GROUND,TEEM,136,Good,Active,
TR118*001094,"Printer, HP, SN VNC4582204",PHASE I& II,GROUND,DCSS,Community Pharmacy,Fair,Active,
TR118*001334,"Printer, HP, SN VNF-3D32596",PHASE I& II,GROUND,ED,112,Good,Active,
TR118*001000,"Printer, HP, SN. PHC5Q01173",PHASE I& II,GROUND,DFP,105,Fair,Active,
TR118*001028,"Printer, HP, SN. PHC6C51655",PHASE I& II,GROUND,DCSS,Phamacy-IP/OP,Fair,Active,
TR118*GAMIS335,"PRINTER, HPLJ PRO 400 M401DN",MOI PHASE I &II,FIRST FLOOR,DAHRM,DAHRM OFFICE,GOOD,Active,
TR118*002324,"PRINTER, Laser Jet ,Pro M102a",PHASE III,1 FLOOR ,LAB,CLINICAL CHEMISTRY,GOOD,Active,
TR118*007129,"PRINTER, LASER JET PRO M402 Dne ",PHASE III,BASEMENT,PHARMACY STORE,PHARMACY STORE,POOR,Active,
TR118*006937,"PRINTER, Laser Jet Pro M402dn",PHASE III,GROUND,EMD,GENERALPHARMACY EMD,GOOD,Active,
TR118*006791,"PRINTER, LASER JET, PRO 402 DNE",PHASE III,BASEMENT,STORE,SUPPLIES UNIT NO 2,GOOD ,Active,
TR118*0066661,"PRINTER, LASER JET, PRO 404 DN",PHASE III,BASEMENT,TECHNICAL SERVICE DEPT,OFFICE 1,GOOD,Active,
TR118*0066681,"PRINTER, LASER JET, PRO M 404 DN   S/N PHFMH43339",PHASE III,BASEMENT,STORE,SUPPLIES UNIT 3,GOOD,Active,
TR118*GAMIS375,"PRINTER, LASERJET P 2055",MOI PHASE I &II,FIRST FLOOR,DAHRM,DAHRM OFFICE,GOOD,Active,
TR118*GAMIS323,"PRINTER, LASERJET PRINTER QUALTY 1200 X1200",MOI PHASE I &II,FIRST FLOOR,DAHRM,DAHRM OFFICE,GOOD,Active,
TR118*GAMIS324,"PRINTER, LASERJET PRO MFP1447DW",MOI PHASE I &II,FIRST FLOOR,DAHRM,DAHRM OFFICE,GOOD,Active,
TR118*GAMIS340,"PRINTER, PROCESSOR 800MHZ",,,,,,Active,
TR118*GAMIS341,"PRINTER, PROCESSOR 800MHZ",,,,,,Active,
TR118*GAMIS342,"PRINTER, PROCESSOR 800MHZ",,,,,,Active,
TR118*GAMIS343,"PRINTER, PROCESSOR 800MHZ",,,,,,Active,
TR118*GAMIS344,"PRINTER, PROCESSOR 800MHZ",,,,,,Active,
TR118*GAMIS328,"PRINTER, SSETS PRINTER - LEXMARK X1250()E",MOI PHASE I &II,FIRST FLOOR,DAHRM,DAHRM OFFICE,GOOD,Active,
MOI/DISP/EO/0548,"PRINTER, TVS RP3200 STAR FOR RECEIPT",,,,,,Active,
MOI/DISP/EO/0549,"PRINTER, TVS RP3200 STAR FOR RECEIPT",,,,,,Active,
MOI/DISP/EO/0550,"PRINTER, TVS RP3200 STAR, FOR RECEIPT",,,,,,Active,
TR118*GAMIS346,"PRINTER,BARCODE TVS LP45",MOI PHASE I &II,FIRST FLOOR,DAHRM,275 HR TRAINING AND ADMINSTR,GOOD,Active,
TR118*GAMIS347,"PRINTER,BARCODE TVS LP46",MOI PHASE I &II,FIRST FLOOR,DAHRM,275 HR TRAINING AND ADMINSTR,GOOD,Active,
TR118*GAMIS348,"PRINTER,BARCODE TVS LP47",MOI PHASE I &II,FIRST FLOOR,DAHRM,275 HR TRAINING AND ADMINSTR,GOOD,Active,
TR118*GAMIS349,"PRINTER,BARCODE TVS LP48",MOI PHASE I &II,FIRST FLOOR,DAHRM,275 HR TRAINING AND ADMINSTR,GOOD,Active,
TR118*GAMIS350,"PRINTER,BARCODE TVS LP49",MOI PHASE I &II,FIRST FLOOR,DAHRM,275 HR TRAINING AND ADMINSTR,GOOD,Active,
TR118*GAMIS351,"PRINTER,CARD -ZEBRA ZXP3",MOI PHASE I &II,FIRST FLOOR,DAHRM,275 HR TRAINING AND ADMINSTR,GOOD,Active,
TR118*GAMIS352,"PRINTER,CARD -ZEBRA ZXP4",MOI PHASE I &II,FIRST FLOOR,DAHRM,275 HR TRAINING AND ADMINSTR,GOOD,Active,
TR118*GAMIS358,"PRINTER,EPSON  LX 350",MOI PHASE I &II,FIRST FLOOR,DAHRM,DAHRM OFFICE,GOOD,Active,
TR118*GAMIS359,"PRINTER,EPSON  LX 350",MOI PHASE I &II,FIRST FLOOR,DAHRM,DAHRM OFFICE,GOOD,Active,
TR118*GAMIS380,"PRINTER,EPSON LCD PROJECTOR 3200 LUMENS",MOI PHASE I &II,FIRST FLOOR,DAHRM,DAHRM OFFICE,GOOD,Active,
TR118*003145,"PRINTER,HP LASEJET,SN:PHC6H42652",MOI PHASE III,3 floor,DFP,BILLING OFFICE,GOOD,Active,
TR118*GAMIS333,"PRINTER,HP LASERJET M604 SHOULD SUPPORT NETWORK",MOI PHASE I &II,FIRST FLOOR,DAHRM,DAHRM OFFICE,GOOD,Active,
TR118*GAMIS334,"PRINTER,HP LASERJET M604 SHOULD SUPPORT NETWORK",MOI PHASE I &II,FIRST FLOOR,DAHRM,DAHRM OFFICE,GOOD,Active,
TR118*GAMIS336,"PRINTER,HP LASERJET PR 400 M401D ",,,,,,Active,
TR1118*007786,"PRINTER,HP LASERJET PRO 4003,SN:VNM0425293",MOI PHASE III, ,DCSS,EMERGENCY MCP,NEW,Active,
TR1118*007788,"PRINTER,HP LASERJET PRO 4003,SN:VNM0426750",MOI PHASE I,GROUND FLOOR,DCSS,OT PHARMACY,NEW,Active,
TR1118*007787,"PRINTER,HP LASERJET PRO 4003,SN:VNM0426751",MOI PHASE I,GROUND FLOOR,DCSS,MCP MAIN,NEW,Active,
TR118*GAMIS331,"PRINTER,HP M425 DW",MOI PHASE I &II,FIRST FLOOR,DAHRM,DAHRM OFFICE,GOOD,Active,
TR118*000967,"Printer,HP, Black color, SN. VNH6202542",PHASE I& II,GROUND,DCSS,102,Very Good,Active,
TR118*GAMIS330,"PRINTER,HP, COLOR LASERJET PRO MFP M477FDW",MOI PHASE I &II,FIRST FLOOR,DAHRM,DAHRM OFFICE,GOOD,Active,
TR118*GAMIS329,"PRINTER,HP, LASERJET ENTERPRISE M607DN",MOI PHASE I &II,FIRST FLOOR,DAHRM,DAHRM OFFICE,GOOD,Active,
MOI/DISP/EO/0615,"PRINTER,HP, LaserJet Pro M 402dne",MOI PHASE III,GROUND,STORE,STORE,POOR,Active,
TR118*000992,"Printer,HP, SN. VNF3D32586",PHASE I& II,GROUND,DFP,104,New,Active,
TR118*002133,"PRINTER,HP,LASER LET PRO M402dne",PHASE III,2 FLOOR,PHARMACY,IN PATIENT PHARMACY,GOOD,Active,
TR1118*007701,"PRINTER,HP,SN:100996643",MOI PHASE III,6 floor,DNS,"LEVEL6,IPC OFFICE",NEW,Active,
TR118*006198,"PRINTER,HP,SN:CNB87C46TL",MOI PHASE III,5 floor,ICTM,"MAIN OFFICE,LEVEL 5",GOOD,Active,
TR1118*007803,"PRINTER,HP,SN:CNCRR5P8",MOI PHASE III,2 floor,DFP, PLANNING,NEW,Active,
TR118*007697,"PRINTER,HP,SN:HPCL235879",MOI PHASE III,6 floor,DNS,"LEVEL6,IPC OFFICE",GOOD,Active,
TR118*006438,"PRINTER,HP,SN:PHC6C93789",MOI PHASE III,7 floor ,DCSS,"LEVEL7,RADIOLOGISTS OFFICE",GOOD,Active,
TR118*GAMIS337,"PRINTER,HPLJ PRO 400 M401DN",MOI PHASE I &II,FIRST FLOOR,DAHRM,DAHRM OFFICE,GOOD,Active,
TR118*0066785,"PRINTER,LASER  JET ENTERPRISE 611",PHASE III,BASEMENT,STORE,SUPPLIES UNIT/GENERAL STORE,GOOD ,Active,
TR118*002296,"PRINTER,LASER ,JET PRO M402 DNE)",PHASE III,1 FLOOR ,LAB,INCHARGE OFFICE,GOOD,Active,
MOI/DISP/EO/0560,"PRINTER,LASER JET PRO M 402dne",MOI PHASE III,GROUND,STORE,STORE,POOR,Active,
TR118*GAMIS363,"PRINTER,LASERJET 2015 HEWLETT",MOI PHASE I &II,FIRST FLOOR,DAHRM,DAHRM OFFICE,GOOD,Active,
TR118*007224,"PRINTER,LaserJet Pro M402dne",PHASE III,BASEMENT,TECHNICAL SERVICE DEPT,OFFICE 3,GOOD,Active,
TR118*GAMIS353,"PRINTER,LESER JET  2900B",MOI PHASE I &II,FIRST FLOOR,DAHRM,275 HR TRAINING AND ADMINSTR,GOOD,Active,
TR118*GAMIS354,"PRINTER,LESER JET  2900B",MOI PHASE I &II,FIRST FLOOR,DAHRM,275 HR TRAINING AND ADMINSTR,GOOD,Active,
TR118*GAMIS355,"PRINTER,LESER JET  2900B",MOI PHASE I &II,FIRST FLOOR,DAHRM,275 HR TRAINING AND ADMINSTR,GOOD,Active,
TR118*GAMIS356,"PRINTER,LESER JET  2900B",MOI PHASE I &II,FIRST FLOOR,DAHRM,275 HR TRAINING AND ADMINSTR,GOOD,Active,
TR118*GAMIS364,"PRINTER,MICROSOFT FINGER ,READER",MOI PHASE I &II,FIRST FLOOR,DAHRM,DAHRM OFFICE,GOOD,Active,
TR118*003298,"PRINTER,OFFICE,HP LASEJET,SN:HPCPF30150",MOI PHASE III,3 floor,DNS,"DNS OFFICE, SECRETARY",GOOD,Active,
TR118*GAMIS366,"PRINTER,THERMAL  TVS  PR 3200 STAR",MOI PHASE I &II,FIRST FLOOR,DAHRM,275 HR TRAINING AND ADMINSTR,GOOD,Active,
TR118*GAMIS367,"PRINTER,THERMAL  TVS  PR 3200 STAR",MOI PHASE I &II,FIRST FLOOR,DAHRM,275 HR TRAINING AND ADMINSTR,GOOD,Active,
TR118*GAMIS368,"PRINTER,THERMAL  TVS  PR 3200 STAR",MOI PHASE I &II,FIRST FLOOR,DAHRM,275 HR TRAINING AND ADMINSTR,GOOD,Active,
TR118*GAMIS369,"PRINTER,THERMAL  TVS  PR 3200 STAR",MOI PHASE I &II,FIRST FLOOR,DAHRM,275 HR TRAINING AND ADMINSTR,GOOD,Active,
TR118*GAMIS370,"PRINTER,THERMAL  TVS  PR 3200 STAR",MOI PHASE I &II,FIRST FLOOR,DAHRM,275 HR TRAINING AND ADMINSTR,GOOD,Active,
TR118*GAMIS338,"PRINTER,THERMAL TVS",MOI PHASE I &II,FIRST FLOOR,DAHRM,DAHRM OFFICE,GOOD,Active,
TR118*GAMIS339,"PRINTER,THERMAL TVS",MOI PHASE I &II,FIRST FLOOR,DAHRM,DAHRM OFFICE,GOOD,Active,
TR118*0066799,"SCANNER ,JET PRO N4600 FRIW1   HP ",PHASE III,BASEMENT,STORE,SUPPLIES UNIT NO 1,GOOD ,Active,
TR118*GAMIS412,"Scanner,",MOI PHASE I &II,FIRST FLOOR,DAHRM,DAHRM OFFICE,GOOD,Active,
TR118*GAMIS413,"Scanner,",MOI PHASE I &II,FIRST FLOOR,DAHRM,DAHRM OFFICE,GOOD,Active,
TR118*GAMIS414,"Scanner,",MOI PHASE I &II,FIRST FLOOR,DAHRM,DAHRM OFFICE,GOOD,Active,
TR118*GAMIS415,"Scanner,",MOI PHASE I &II,FIRST FLOOR,DAHRM,DAHRM OFFICE,GOOD,Active,
TR118*000504,"Scanner, Fujitsufi7160, SN: A33AK16831",MOI PHASE I &II,FIRST FLOOR,DAHRM,ROOM 228: REGISTRY,GOOD,Active,
TR118*000505,"Scanner, Fujitsufi7160, SN: A33AK17055",MOI PHASE I &II,FIRST FLOOR,DAHRM,ROOM 228: REGISTRY,GOOD,Active,
TR118*000503,"Scanner, Fujitsufi7160, SN: A33AK17059",MOI PHASE I &II,FIRST FLOOR,DAHRM,ROOM 228: REGISTRY,GOOD,Active,
TR118*000502,"Scanner, Fujitsufi7160, SN: A33AK17996",MOI PHASE I &II,FIRST FLOOR,DAHRM,ROOM 228: REGISTRY,GOOD,Active,
TR118*000272,"Scanner, HP Scanjet Pro 2000 S2, SN: 6FW06A",MOI PHASE I &II,FIRST FLOOR,FINANCE,PAYROLL,GOOD,Active,
TR118*000654,"Scanner, HP Scanjet Pro 2000 S2, SN: CN15IA2004",MOI PHASE I &II,FIRST FLOOR,DFP,ROOM NO 232,NEW,Active,
TR118*000893,"Scanner, HP Scanjet Pro 2600f1, SN: CN29EAP266",MOI PHASE I &II,FIRST FLOOR,DAHRAM,214: DAHRM OFFICE SECRETARY,NEW,Active,
TR118*000189,"Scanner, HP Scanjet PRO 4500fn1, SN: E8HW704BOA1",MOI PHASE I &II,FIRST FLOOR,PROCUREMENT UNIT,239 PROCUREMENT MNGT UNIT,POOR,Active,
MOI/DISP/EO/0506,"SCANNER, HP Scann Jet 4500fn1",,,,,,Active,
MOI/DISP/EO/0561,"SCANNER, HP, SCANJET PRO 4500fn1",,,,,,Active,
TR118*002342,"SCANNER,(ScanJet Pro 2600 f1) HP ",PHASE III,1 FLOOR ,LAB,SEROLOGY,GOOD,Active,
TR118*GAMIS402,"SCANNER,BARCODE ",MOI PHASE I &II,FIRST FLOOR,DAHRM,275 HR TRAINING AND ADMINSTR,GOOD,Active,
TR118*GAMIS403,"SCANNER,BARCODE ",MOI PHASE I &II,FIRST FLOOR,DAHRM,275 HR TRAINING AND ADMINSTR,GOOD,Active,
TR118*GAMIS404,"SCANNER,BARCODE ",MOI PHASE I &II,FIRST FLOOR,DAHRM,275 HR TRAINING AND ADMINSTR,GOOD,Active,
TR118*GAMIS405,"SCANNER,BARCODE ",MOI PHASE I &II,FIRST FLOOR,DAHRM,275 HR TRAINING AND ADMINSTR,GOOD,Active,
TR118*GAMIS406,"SCANNER,BARCODE ",MOI PHASE I &II,FIRST FLOOR,DAHRM,275 HR TRAINING AND ADMINSTR,GOOD,Active,
TR118*GAMIS407,"SCANNER,BARCODE ",MOI PHASE I &II,FIRST FLOOR,DAHRM,275 HR TRAINING AND ADMINSTR,GOOD,Active,
TR118*GAMIS408,"SCANNER,BARCODE ",MOI PHASE I &II,FIRST FLOOR,DAHRM,275 HR TRAINING AND ADMINSTR,GOOD,Active,
TR118*GAMIS409,"SCANNER,BARCODE ",MOI PHASE I &II,FIRST FLOOR,DAHRM,275 HR TRAINING AND ADMINSTR,GOOD,Active,
TR118*GAMIS410,"SCANNER,-F1-7160 FUJITSU SCANJET PRO 4500 FNL",MOI PHASE I &II,FIRST FLOOR,DAHRM,DAHRM OFFICE,GOOD,Active,
TR118*GAMIS411,"SCANNER,FDR,FUJI   SMART",MOI PHASE I &II,FIRST FLOOR,DAHRM,DAHRM OFFICE,GOOD,Active,
TR118*GAMIS399,"SCANNER,HP PRO 4500 FNI  FOR NETWORK ",MOI PHASE I &II,FIRST FLOOR,DAHRM,DAHRM OFFICE,GOOD,Active,
TR118*GAMIS400,"SCANNER,HP PRO 4500 FNI FOR NETWORK ",MOI PHASE I &II,FIRST FLOOR,DAHRM,DAHRM OFFICE,GOOD,Active,
TR118*GAMIS401,"SCANNER,HP PRO 4500 FNI NETWORK SCANNER",MOI PHASE I &II,FIRST FLOOR,DAHRM,DAHRM OFFICE,GOOD,Active,
TR118*007835,"Server, Dell PowerEdge S200, SN:7JHD4M1",MOI PHASE III,5 floor,ICTM,SERVER ROOM,GOOD,Active,
MOI/DISP/EO/0546,"SERVER, IBM AC1",,,,,,Active,
MOI/DISP/EO/0545,"SERVER, IBM AC1",,,,,,Active,
TR118*GAMIS416,"SERVER,HP 800 GI WR -250W PLATIUM 51- 6500/ 4GB RAM ",MOI PHASE I &II,FIRST FLOOR,DAHRM,DAHRM OFFICE,GOOD,Active,
TR118*GAMIS417,"SERVER,HP 800 GI WR -250W PLATIUM 51- 6500/ 4GB RAM ",MOI PHASE I &II,FIRST FLOOR,DAHRM,DAHRM OFFICE,GOOD,Active,
TR118*GAMIS418,"SERVER,HP 800 GI WR -250W PLATIUM 51- 6500/ 4GB RAM ",MOI PHASE I &II,FIRST FLOOR,DAHRM,DAHRM OFFICE,GOOD,Active,
TR118*GAMIS419,"SERVER,HP PROG5,160GB,2GB",MOI PHASE I &II,FIRST FLOOR,DAHRM,DAHRM OFFICE,GOOD,Active,
TR118*GAMIS420,"SERVER,HP PROG5,160GB,2GB",MOI PHASE I &II,FIRST FLOOR,DAHRM,DAHRM OFFICE,GOOD,Active,
TR118*006149,"SERVER,HP PROLIANT DL 380P G8,SN: NIL(E-MEDICAL BACKUP)",MOI PHASE III,5 floor,ICTM,"SERVER ROOM, LEVEL 5",VERY GOOD,Active,
TR118*006162,"SERVER,HP PROLIANT DL380P G10,SN:CZ284004C0",MOI PHASE III,5 floor,ICTM,"SERVER ROOM, LEVEL 5",VERY GOOD,Active,
TR118*006154,"SERVER,HP,SN: CZ243907ZH",MOI PHASE III,5 floor,ICTM,"SERVER ROOM, LEVEL 5",VERY GOOD,Active,
TR118*006160,"SERVER,HP,SN:CZJ91303D8",MOI PHASE III,5 floor,ICTM,"SERVER ROOM, LEVEL 5",VERY GOOD,Active,
TR118*GAMIS258,"TABLET, SAMSUNG GALAXY TABLE 7 3GB, RAM, 32GB STORAGE , WIFI",MOI PHASE I &II,FIRST FLOOR,DAHRM,DAHRM OFFICE,GOOD,Active,
